Date,Day Name,Start of Month,Start of Quarter,Month Name,Month,Start of Year,Year,Month Number (Dax),Month Short,Day Of Week,Weekend,Start of Week
7/1/2020,Wednesday,7/1/2020,7/1/2020,July,7,1/1/2020,2020,7,JUL,3,Weekday,6/28/2020
7/2/2020,Thursday,7/1/2020,7/1/2020,July,7,1/1/2020,2020,7,JUL,4,Weekday,6/28/2020
7/3/2020,Friday,7/1/2020,7/1/2020,July,7,1/1/2020,2020,7,JUL,5,Weekday,6/28/2020
7/4/2020,Saturday,7/1/2020,7/1/2020,July,7,1/1/2020,2020,7,JUL,6,Weekend,6/28/2020
7/5/2020,Sunday,7/1/2020,7/1/2020,July,7,1/1/2020,2020,7,JUL,7,Weekend,6/28/2020
7/6/2020,Monday,7/1/2020,7/1/2020,July,7,1/1/2020,2020,7,JUL,1,Weekday,7/5/2020
7/7/2020,Tuesday,7/1/2020,7/1/2020,July,7,1/1/2020,2020,7,JUL,2,Weekday,7/5/2020
7/8/2020,Wednesday,7/1/2020,7/1/2020,July,7,1/1/2020,2020,7,JUL,3,Weekday,7/5/2020
7/9/2020,Thursday,7/1/2020,7/1/2020,July,7,1/1/2020,2020,7,JUL,4,Weekday,7/5/2020
7/10/2020,Friday,7/1/2020,7/1/2020,July,7,1/1/2020,2020,7,JUL,5,Weekday,7/5/2020
7/11/2020,Saturday,7/1/2020,7/1/2020,July,7,1/1/2020,2020,7,JUL,6,Weekend,7/5/2020
7/12/2020,Sunday,7/1/2020,7/1/2020,July,7,1/1/2020,2020,7,JUL,7,Weekend,7/5/2020
7/13/2020,Monday,7/1/2020,7/1/2020,July,7,1/1/2020,2020,7,JUL,1,Weekday,7/12/2020
7/14/2020,Tuesday,7/1/2020,7/1/2020,July,7,1/1/2020,2020,7,JUL,2,Weekday,7/12/2020
7/15/2020,Wednesday,7/1/2020,7/1/2020,July,7,1/1/2020,2020,7,JUL,3,Weekday,7/12/2020
7/16/2020,Thursday,7/1/2020,7/1/2020,July,7,1/1/2020,2020,7,JUL,4,Weekday,7/12/2020
7/17/2020,Friday,7/1/2020,7/1/2020,July,7,1/1/2020,2020,7,JUL,5,Weekday,7/12/2020
7/18/2020,Saturday,7/1/2020,7/1/2020,July,7,1/1/2020,2020,7,JUL,6,Weekend,7/12/2020
7/19/2020,Sunday,7/1/2020,7/1/2020,July,7,1/1/2020,2020,7,JUL,7,Weekend,7/12/2020
7/20/2020,Monday,7/1/2020,7/1/2020,July,7,1/1/2020,2020,7,JUL,1,Weekday,7/19/2020
7/21/2020,Tuesday,7/1/2020,7/1/2020,July,7,1/1/2020,2020,7,JUL,2,Weekday,7/19/2020
7/22/2020,Wednesday,7/1/2020,7/1/2020,July,7,1/1/2020,2020,7,JUL,3,Weekday,7/19/2020
7/23/2020,Thursday,7/1/2020,7/1/2020,July,7,1/1/2020,2020,7,JUL,4,Weekday,7/19/2020
7/24/2020,Friday,7/1/2020,7/1/2020,July,7,1/1/2020,2020,7,JUL,5,Weekday,7/19/2020
7/25/2020,Saturday,7/1/2020,7/1/2020,July,7,1/1/2020,2020,7,JUL,6,Weekend,7/19/2020
7/26/2020,Sunday,7/1/2020,7/1/2020,July,7,1/1/2020,2020,7,JUL,7,Weekend,7/19/2020
7/27/2020,Monday,7/1/2020,7/1/2020,July,7,1/1/2020,2020,7,JUL,1,Weekday,7/26/2020
7/28/2020,Tuesday,7/1/2020,7/1/2020,July,7,1/1/2020,2020,7,JUL,2,Weekday,7/26/2020
7/29/2020,Wednesday,7/1/2020,7/1/2020,July,7,1/1/2020,2020,7,JUL,3,Weekday,7/26/2020
7/30/2020,Thursday,7/1/2020,7/1/2020,July,7,1/1/2020,2020,7,JUL,4,Weekday,7/26/2020
7/31/2020,Friday,7/1/2020,7/1/2020,July,7,1/1/2020,2020,7,JUL,5,Weekday,7/26/2020
8/1/2020,Saturday,8/1/2020,7/1/2020,August,8,1/1/2020,2020,8,AUG,6,Weekend,7/26/2020
8/2/2020,Sunday,8/1/2020,7/1/2020,August,8,1/1/2020,2020,8,AUG,7,Weekend,7/26/2020
8/3/2020,Monday,8/1/2020,7/1/2020,August,8,1/1/2020,2020,8,AUG,1,Weekday,8/2/2020
8/4/2020,Tuesday,8/1/2020,7/1/2020,August,8,1/1/2020,2020,8,AUG,2,Weekday,8/2/2020
8/5/2020,Wednesday,8/1/2020,7/1/2020,August,8,1/1/2020,2020,8,AUG,3,Weekday,8/2/2020
8/6/2020,Thursday,8/1/2020,7/1/2020,August,8,1/1/2020,2020,8,AUG,4,Weekday,8/2/2020
8/7/2020,Friday,8/1/2020,7/1/2020,August,8,1/1/2020,2020,8,AUG,5,Weekday,8/2/2020
8/8/2020,Saturday,8/1/2020,7/1/2020,August,8,1/1/2020,2020,8,AUG,6,Weekend,8/2/2020
8/9/2020,Sunday,8/1/2020,7/1/2020,August,8,1/1/2020,2020,8,AUG,7,Weekend,8/2/2020
8/10/2020,Monday,8/1/2020,7/1/2020,August,8,1/1/2020,2020,8,AUG,1,Weekday,8/9/2020
8/11/2020,Tuesday,8/1/2020,7/1/2020,August,8,1/1/2020,2020,8,AUG,2,Weekday,8/9/2020
8/12/2020,Wednesday,8/1/2020,7/1/2020,August,8,1/1/2020,2020,8,AUG,3,Weekday,8/9/2020
8/13/2020,Thursday,8/1/2020,7/1/2020,August,8,1/1/2020,2020,8,AUG,4,Weekday,8/9/2020
8/14/2020,Friday,8/1/2020,7/1/2020,August,8,1/1/2020,2020,8,AUG,5,Weekday,8/9/2020
8/15/2020,Saturday,8/1/2020,7/1/2020,August,8,1/1/2020,2020,8,AUG,6,Weekend,8/9/2020
8/16/2020,Sunday,8/1/2020,7/1/2020,August,8,1/1/2020,2020,8,AUG,7,Weekend,8/9/2020
8/17/2020,Monday,8/1/2020,7/1/2020,August,8,1/1/2020,2020,8,AUG,1,Weekday,8/16/2020
8/18/2020,Tuesday,8/1/2020,7/1/2020,August,8,1/1/2020,2020,8,AUG,2,Weekday,8/16/2020
8/19/2020,Wednesday,8/1/2020,7/1/2020,August,8,1/1/2020,2020,8,AUG,3,Weekday,8/16/2020
8/20/2020,Thursday,8/1/2020,7/1/2020,August,8,1/1/2020,2020,8,AUG,4,Weekday,8/16/2020
8/21/2020,Friday,8/1/2020,7/1/2020,August,8,1/1/2020,2020,8,AUG,5,Weekday,8/16/2020
8/22/2020,Saturday,8/1/2020,7/1/2020,August,8,1/1/2020,2020,8,AUG,6,Weekend,8/16/2020
8/23/2020,Sunday,8/1/2020,7/1/2020,August,8,1/1/2020,2020,8,AUG,7,Weekend,8/16/2020
8/24/2020,Monday,8/1/2020,7/1/2020,August,8,1/1/2020,2020,8,AUG,1,Weekday,8/23/2020
8/25/2020,Tuesday,8/1/2020,7/1/2020,August,8,1/1/2020,2020,8,AUG,2,Weekday,8/23/2020
8/26/2020,Wednesday,8/1/2020,7/1/2020,August,8,1/1/2020,2020,8,AUG,3,Weekday,8/23/2020
8/27/2020,Thursday,8/1/2020,7/1/2020,August,8,1/1/2020,2020,8,AUG,4,Weekday,8/23/2020
8/28/2020,Friday,8/1/2020,7/1/2020,August,8,1/1/2020,2020,8,AUG,5,Weekday,8/23/2020
8/29/2020,Saturday,8/1/2020,7/1/2020,August,8,1/1/2020,2020,8,AUG,6,Weekend,8/23/2020
8/30/2020,Sunday,8/1/2020,7/1/2020,August,8,1/1/2020,2020,8,AUG,7,Weekend,8/23/2020
8/31/2020,Monday,8/1/2020,7/1/2020,August,8,1/1/2020,2020,8,AUG,1,Weekday,8/30/2020
9/1/2020,Tuesday,9/1/2020,7/1/2020,September,9,1/1/2020,2020,9,SEP,2,Weekday,8/30/2020
9/2/2020,Wednesday,9/1/2020,7/1/2020,September,9,1/1/2020,2020,9,SEP,3,Weekday,8/30/2020
9/3/2020,Thursday,9/1/2020,7/1/2020,September,9,1/1/2020,2020,9,SEP,4,Weekday,8/30/2020
9/4/2020,Friday,9/1/2020,7/1/2020,September,9,1/1/2020,2020,9,SEP,5,Weekday,8/30/2020
9/5/2020,Saturday,9/1/2020,7/1/2020,September,9,1/1/2020,2020,9,SEP,6,Weekend,8/30/2020
9/6/2020,Sunday,9/1/2020,7/1/2020,September,9,1/1/2020,2020,9,SEP,7,Weekend,8/30/2020
9/7/2020,Monday,9/1/2020,7/1/2020,September,9,1/1/2020,2020,9,SEP,1,Weekday,9/6/2020
9/8/2020,Tuesday,9/1/2020,7/1/2020,September,9,1/1/2020,2020,9,SEP,2,Weekday,9/6/2020
9/9/2020,Wednesday,9/1/2020,7/1/2020,September,9,1/1/2020,2020,9,SEP,3,Weekday,9/6/2020
9/10/2020,Thursday,9/1/2020,7/1/2020,September,9,1/1/2020,2020,9,SEP,4,Weekday,9/6/2020
9/11/2020,Friday,9/1/2020,7/1/2020,September,9,1/1/2020,2020,9,SEP,5,Weekday,9/6/2020
9/12/2020,Saturday,9/1/2020,7/1/2020,September,9,1/1/2020,2020,9,SEP,6,Weekend,9/6/2020
9/13/2020,Sunday,9/1/2020,7/1/2020,September,9,1/1/2020,2020,9,SEP,7,Weekend,9/6/2020
9/14/2020,Monday,9/1/2020,7/1/2020,September,9,1/1/2020,2020,9,SEP,1,Weekday,9/13/2020
9/15/2020,Tuesday,9/1/2020,7/1/2020,September,9,1/1/2020,2020,9,SEP,2,Weekday,9/13/2020
9/16/2020,Wednesday,9/1/2020,7/1/2020,September,9,1/1/2020,2020,9,SEP,3,Weekday,9/13/2020
9/17/2020,Thursday,9/1/2020,7/1/2020,September,9,1/1/2020,2020,9,SEP,4,Weekday,9/13/2020
9/18/2020,Friday,9/1/2020,7/1/2020,September,9,1/1/2020,2020,9,SEP,5,Weekday,9/13/2020
9/19/2020,Saturday,9/1/2020,7/1/2020,September,9,1/1/2020,2020,9,SEP,6,Weekend,9/13/2020
9/20/2020,Sunday,9/1/2020,7/1/2020,September,9,1/1/2020,2020,9,SEP,7,Weekend,9/13/2020
9/21/2020,Monday,9/1/2020,7/1/2020,September,9,1/1/2020,2020,9,SEP,1,Weekday,9/20/2020
9/22/2020,Tuesday,9/1/2020,7/1/2020,September,9,1/1/2020,2020,9,SEP,2,Weekday,9/20/2020
9/23/2020,Wednesday,9/1/2020,7/1/2020,September,9,1/1/2020,2020,9,SEP,3,Weekday,9/20/2020
9/24/2020,Thursday,9/1/2020,7/1/2020,September,9,1/1/2020,2020,9,SEP,4,Weekday,9/20/2020
9/25/2020,Friday,9/1/2020,7/1/2020,September,9,1/1/2020,2020,9,SEP,5,Weekday,9/20/2020
9/26/2020,Saturday,9/1/2020,7/1/2020,September,9,1/1/2020,2020,9,SEP,6,Weekend,9/20/2020
9/27/2020,Sunday,9/1/2020,7/1/2020,September,9,1/1/2020,2020,9,SEP,7,Weekend,9/20/2020
9/28/2020,Monday,9/1/2020,7/1/2020,September,9,1/1/2020,2020,9,SEP,1,Weekday,9/27/2020
9/29/2020,Tuesday,9/1/2020,7/1/2020,September,9,1/1/2020,2020,9,SEP,2,Weekday,9/27/2020
9/30/2020,Wednesday,9/1/2020,7/1/2020,September,9,1/1/2020,2020,9,SEP,3,Weekday,9/27/2020
1/1/2020,Wednesday,1/1/2020,1/1/2020,January,1,1/1/2020,2020,1,JAN,3,Weekday,12/29/2019
1/2/2020,Thursday,1/1/2020,1/1/2020,January,1,1/1/2020,2020,1,JAN,4,Weekday,12/29/2019
1/3/2020,Friday,1/1/2020,1/1/2020,January,1,1/1/2020,2020,1,JAN,5,Weekday,12/29/2019
1/4/2020,Saturday,1/1/2020,1/1/2020,January,1,1/1/2020,2020,1,JAN,6,Weekend,12/29/2019
1/5/2020,Sunday,1/1/2020,1/1/2020,January,1,1/1/2020,2020,1,JAN,7,Weekend,12/29/2019
1/6/2020,Monday,1/1/2020,1/1/2020,January,1,1/1/2020,2020,1,JAN,1,Weekday,1/5/2020
1/7/2020,Tuesday,1/1/2020,1/1/2020,January,1,1/1/2020,2020,1,JAN,2,Weekday,1/5/2020
1/8/2020,Wednesday,1/1/2020,1/1/2020,January,1,1/1/2020,2020,1,JAN,3,Weekday,1/5/2020
1/9/2020,Thursday,1/1/2020,1/1/2020,January,1,1/1/2020,2020,1,JAN,4,Weekday,1/5/2020
1/10/2020,Friday,1/1/2020,1/1/2020,January,1,1/1/2020,2020,1,JAN,5,Weekday,1/5/2020
1/11/2020,Saturday,1/1/2020,1/1/2020,January,1,1/1/2020,2020,1,JAN,6,Weekend,1/5/2020
1/12/2020,Sunday,1/1/2020,1/1/2020,January,1,1/1/2020,2020,1,JAN,7,Weekend,1/5/2020
1/13/2020,Monday,1/1/2020,1/1/2020,January,1,1/1/2020,2020,1,JAN,1,Weekday,1/12/2020
1/14/2020,Tuesday,1/1/2020,1/1/2020,January,1,1/1/2020,2020,1,JAN,2,Weekday,1/12/2020
1/15/2020,Wednesday,1/1/2020,1/1/2020,January,1,1/1/2020,2020,1,JAN,3,Weekday,1/12/2020
1/16/2020,Thursday,1/1/2020,1/1/2020,January,1,1/1/2020,2020,1,JAN,4,Weekday,1/12/2020
1/17/2020,Friday,1/1/2020,1/1/2020,January,1,1/1/2020,2020,1,JAN,5,Weekday,1/12/2020
1/18/2020,Saturday,1/1/2020,1/1/2020,January,1,1/1/2020,2020,1,JAN,6,Weekend,1/12/2020
1/19/2020,Sunday,1/1/2020,1/1/2020,January,1,1/1/2020,2020,1,JAN,7,Weekend,1/12/2020
1/20/2020,Monday,1/1/2020,1/1/2020,January,1,1/1/2020,2020,1,JAN,1,Weekday,1/19/2020
1/21/2020,Tuesday,1/1/2020,1/1/2020,January,1,1/1/2020,2020,1,JAN,2,Weekday,1/19/2020
1/22/2020,Wednesday,1/1/2020,1/1/2020,January,1,1/1/2020,2020,1,JAN,3,Weekday,1/19/2020
1/23/2020,Thursday,1/1/2020,1/1/2020,January,1,1/1/2020,2020,1,JAN,4,Weekday,1/19/2020
1/24/2020,Friday,1/1/2020,1/1/2020,January,1,1/1/2020,2020,1,JAN,5,Weekday,1/19/2020
1/25/2020,Saturday,1/1/2020,1/1/2020,January,1,1/1/2020,2020,1,JAN,6,Weekend,1/19/2020
1/26/2020,Sunday,1/1/2020,1/1/2020,January,1,1/1/2020,2020,1,JAN,7,Weekend,1/19/2020
1/27/2020,Monday,1/1/2020,1/1/2020,January,1,1/1/2020,2020,1,JAN,1,Weekday,1/26/2020
1/28/2020,Tuesday,1/1/2020,1/1/2020,January,1,1/1/2020,2020,1,JAN,2,Weekday,1/26/2020
1/29/2020,Wednesday,1/1/2020,1/1/2020,January,1,1/1/2020,2020,1,JAN,3,Weekday,1/26/2020
1/30/2020,Thursday,1/1/2020,1/1/2020,January,1,1/1/2020,2020,1,JAN,4,Weekday,1/26/2020
1/31/2020,Friday,1/1/2020,1/1/2020,January,1,1/1/2020,2020,1,JAN,5,Weekday,1/26/2020
2/1/2020,Saturday,2/1/2020,1/1/2020,February,2,1/1/2020,2020,2,FEB,6,Weekend,1/26/2020
2/2/2020,Sunday,2/1/2020,1/1/2020,February,2,1/1/2020,2020,2,FEB,7,Weekend,1/26/2020
2/3/2020,Monday,2/1/2020,1/1/2020,February,2,1/1/2020,2020,2,FEB,1,Weekday,2/2/2020
2/4/2020,Tuesday,2/1/2020,1/1/2020,February,2,1/1/2020,2020,2,FEB,2,Weekday,2/2/2020
2/5/2020,Wednesday,2/1/2020,1/1/2020,February,2,1/1/2020,2020,2,FEB,3,Weekday,2/2/2020
2/6/2020,Thursday,2/1/2020,1/1/2020,February,2,1/1/2020,2020,2,FEB,4,Weekday,2/2/2020
2/7/2020,Friday,2/1/2020,1/1/2020,February,2,1/1/2020,2020,2,FEB,5,Weekday,2/2/2020
2/8/2020,Saturday,2/1/2020,1/1/2020,February,2,1/1/2020,2020,2,FEB,6,Weekend,2/2/2020
2/9/2020,Sunday,2/1/2020,1/1/2020,February,2,1/1/2020,2020,2,FEB,7,Weekend,2/2/2020
2/10/2020,Monday,2/1/2020,1/1/2020,February,2,1/1/2020,2020,2,FEB,1,Weekday,2/9/2020
2/11/2020,Tuesday,2/1/2020,1/1/2020,February,2,1/1/2020,2020,2,FEB,2,Weekday,2/9/2020
2/12/2020,Wednesday,2/1/2020,1/1/2020,February,2,1/1/2020,2020,2,FEB,3,Weekday,2/9/2020
2/13/2020,Thursday,2/1/2020,1/1/2020,February,2,1/1/2020,2020,2,FEB,4,Weekday,2/9/2020
2/14/2020,Friday,2/1/2020,1/1/2020,February,2,1/1/2020,2020,2,FEB,5,Weekday,2/9/2020
2/15/2020,Saturday,2/1/2020,1/1/2020,February,2,1/1/2020,2020,2,FEB,6,Weekend,2/9/2020
2/16/2020,Sunday,2/1/2020,1/1/2020,February,2,1/1/2020,2020,2,FEB,7,Weekend,2/9/2020
2/17/2020,Monday,2/1/2020,1/1/2020,February,2,1/1/2020,2020,2,FEB,1,Weekday,2/16/2020
2/18/2020,Tuesday,2/1/2020,1/1/2020,February,2,1/1/2020,2020,2,FEB,2,Weekday,2/16/2020
2/19/2020,Wednesday,2/1/2020,1/1/2020,February,2,1/1/2020,2020,2,FEB,3,Weekday,2/16/2020
2/20/2020,Thursday,2/1/2020,1/1/2020,February,2,1/1/2020,2020,2,FEB,4,Weekday,2/16/2020
2/21/2020,Friday,2/1/2020,1/1/2020,February,2,1/1/2020,2020,2,FEB,5,Weekday,2/16/2020
2/22/2020,Saturday,2/1/2020,1/1/2020,February,2,1/1/2020,2020,2,FEB,6,Weekend,2/16/2020
2/23/2020,Sunday,2/1/2020,1/1/2020,February,2,1/1/2020,2020,2,FEB,7,Weekend,2/16/2020
2/24/2020,Monday,2/1/2020,1/1/2020,February,2,1/1/2020,2020,2,FEB,1,Weekday,2/23/2020
2/25/2020,Tuesday,2/1/2020,1/1/2020,February,2,1/1/2020,2020,2,FEB,2,Weekday,2/23/2020
2/26/2020,Wednesday,2/1/2020,1/1/2020,February,2,1/1/2020,2020,2,FEB,3,Weekday,2/23/2020
2/27/2020,Thursday,2/1/2020,1/1/2020,February,2,1/1/2020,2020,2,FEB,4,Weekday,2/23/2020
2/28/2020,Friday,2/1/2020,1/1/2020,February,2,1/1/2020,2020,2,FEB,5,Weekday,2/23/2020
2/29/2020,Saturday,2/1/2020,1/1/2020,February,2,1/1/2020,2020,2,FEB,6,Weekend,2/23/2020
3/1/2020,Sunday,3/1/2020,1/1/2020,March,3,1/1/2020,2020,3,MAR,7,Weekend,2/23/2020
3/2/2020,Monday,3/1/2020,1/1/2020,March,3,1/1/2020,2020,3,MAR,1,Weekday,3/1/2020
3/3/2020,Tuesday,3/1/2020,1/1/2020,March,3,1/1/2020,2020,3,MAR,2,Weekday,3/1/2020
3/4/2020,Wednesday,3/1/2020,1/1/2020,March,3,1/1/2020,2020,3,MAR,3,Weekday,3/1/2020
3/5/2020,Thursday,3/1/2020,1/1/2020,March,3,1/1/2020,2020,3,MAR,4,Weekday,3/1/2020
3/6/2020,Friday,3/1/2020,1/1/2020,March,3,1/1/2020,2020,3,MAR,5,Weekday,3/1/2020
3/7/2020,Saturday,3/1/2020,1/1/2020,March,3,1/1/2020,2020,3,MAR,6,Weekend,3/1/2020
3/8/2020,Sunday,3/1/2020,1/1/2020,March,3,1/1/2020,2020,3,MAR,7,Weekend,3/1/2020
3/9/2020,Monday,3/1/2020,1/1/2020,March,3,1/1/2020,2020,3,MAR,1,Weekday,3/8/2020
3/10/2020,Tuesday,3/1/2020,1/1/2020,March,3,1/1/2020,2020,3,MAR,2,Weekday,3/8/2020
3/11/2020,Wednesday,3/1/2020,1/1/2020,March,3,1/1/2020,2020,3,MAR,3,Weekday,3/8/2020
3/12/2020,Thursday,3/1/2020,1/1/2020,March,3,1/1/2020,2020,3,MAR,4,Weekday,3/8/2020
3/13/2020,Friday,3/1/2020,1/1/2020,March,3,1/1/2020,2020,3,MAR,5,Weekday,3/8/2020
3/14/2020,Saturday,3/1/2020,1/1/2020,March,3,1/1/2020,2020,3,MAR,6,Weekend,3/8/2020
3/15/2020,Sunday,3/1/2020,1/1/2020,March,3,1/1/2020,2020,3,MAR,7,Weekend,3/8/2020
3/16/2020,Monday,3/1/2020,1/1/2020,March,3,1/1/2020,2020,3,MAR,1,Weekday,3/15/2020
3/17/2020,Tuesday,3/1/2020,1/1/2020,March,3,1/1/2020,2020,3,MAR,2,Weekday,3/15/2020
3/18/2020,Wednesday,3/1/2020,1/1/2020,March,3,1/1/2020,2020,3,MAR,3,Weekday,3/15/2020
3/19/2020,Thursday,3/1/2020,1/1/2020,March,3,1/1/2020,2020,3,MAR,4,Weekday,3/15/2020
3/20/2020,Friday,3/1/2020,1/1/2020,March,3,1/1/2020,2020,3,MAR,5,Weekday,3/15/2020
3/21/2020,Saturday,3/1/2020,1/1/2020,March,3,1/1/2020,2020,3,MAR,6,Weekend,3/15/2020
3/22/2020,Sunday,3/1/2020,1/1/2020,March,3,1/1/2020,2020,3,MAR,7,Weekend,3/15/2020
3/23/2020,Monday,3/1/2020,1/1/2020,March,3,1/1/2020,2020,3,MAR,1,Weekday,3/22/2020
3/24/2020,Tuesday,3/1/2020,1/1/2020,March,3,1/1/2020,2020,3,MAR,2,Weekday,3/22/2020
3/25/2020,Wednesday,3/1/2020,1/1/2020,March,3,1/1/2020,2020,3,MAR,3,Weekday,3/22/2020
3/26/2020,Thursday,3/1/2020,1/1/2020,March,3,1/1/2020,2020,3,MAR,4,Weekday,3/22/2020
3/27/2020,Friday,3/1/2020,1/1/2020,March,3,1/1/2020,2020,3,MAR,5,Weekday,3/22/2020
3/28/2020,Saturday,3/1/2020,1/1/2020,March,3,1/1/2020,2020,3,MAR,6,Weekend,3/22/2020
3/29/2020,Sunday,3/1/2020,1/1/2020,March,3,1/1/2020,2020,3,MAR,7,Weekend,3/22/2020
3/30/2020,Monday,3/1/2020,1/1/2020,March,3,1/1/2020,2020,3,MAR,1,Weekday,3/29/2020
3/31/2020,Tuesday,3/1/2020,1/1/2020,March,3,1/1/2020,2020,3,MAR,2,Weekday,3/29/2020
4/1/2020,Wednesday,4/1/2020,4/1/2020,April,4,1/1/2020,2020,4,APR,3,Weekday,3/29/2020
4/2/2020,Thursday,4/1/2020,4/1/2020,April,4,1/1/2020,2020,4,APR,4,Weekday,3/29/2020
4/3/2020,Friday,4/1/2020,4/1/2020,April,4,1/1/2020,2020,4,APR,5,Weekday,3/29/2020
4/4/2020,Saturday,4/1/2020,4/1/2020,April,4,1/1/2020,2020,4,APR,6,Weekend,3/29/2020
4/5/2020,Sunday,4/1/2020,4/1/2020,April,4,1/1/2020,2020,4,APR,7,Weekend,3/29/2020
4/6/2020,Monday,4/1/2020,4/1/2020,April,4,1/1/2020,2020,4,APR,1,Weekday,4/5/2020
4/7/2020,Tuesday,4/1/2020,4/1/2020,April,4,1/1/2020,2020,4,APR,2,Weekday,4/5/2020
4/8/2020,Wednesday,4/1/2020,4/1/2020,April,4,1/1/2020,2020,4,APR,3,Weekday,4/5/2020
4/9/2020,Thursday,4/1/2020,4/1/2020,April,4,1/1/2020,2020,4,APR,4,Weekday,4/5/2020
4/10/2020,Friday,4/1/2020,4/1/2020,April,4,1/1/2020,2020,4,APR,5,Weekday,4/5/2020
4/11/2020,Saturday,4/1/2020,4/1/2020,April,4,1/1/2020,2020,4,APR,6,Weekend,4/5/2020
4/12/2020,Sunday,4/1/2020,4/1/2020,April,4,1/1/2020,2020,4,APR,7,Weekend,4/5/2020
4/13/2020,Monday,4/1/2020,4/1/2020,April,4,1/1/2020,2020,4,APR,1,Weekday,4/12/2020
4/14/2020,Tuesday,4/1/2020,4/1/2020,April,4,1/1/2020,2020,4,APR,2,Weekday,4/12/2020
4/15/2020,Wednesday,4/1/2020,4/1/2020,April,4,1/1/2020,2020,4,APR,3,Weekday,4/12/2020
4/16/2020,Thursday,4/1/2020,4/1/2020,April,4,1/1/2020,2020,4,APR,4,Weekday,4/12/2020
4/17/2020,Friday,4/1/2020,4/1/2020,April,4,1/1/2020,2020,4,APR,5,Weekday,4/12/2020
4/18/2020,Saturday,4/1/2020,4/1/2020,April,4,1/1/2020,2020,4,APR,6,Weekend,4/12/2020
4/19/2020,Sunday,4/1/2020,4/1/2020,April,4,1/1/2020,2020,4,APR,7,Weekend,4/12/2020
4/20/2020,Monday,4/1/2020,4/1/2020,April,4,1/1/2020,2020,4,APR,1,Weekday,4/19/2020
4/21/2020,Tuesday,4/1/2020,4/1/2020,April,4,1/1/2020,2020,4,APR,2,Weekday,4/19/2020
4/22/2020,Wednesday,4/1/2020,4/1/2020,April,4,1/1/2020,2020,4,APR,3,Weekday,4/19/2020
4/23/2020,Thursday,4/1/2020,4/1/2020,April,4,1/1/2020,2020,4,APR,4,Weekday,4/19/2020
4/24/2020,Friday,4/1/2020,4/1/2020,April,4,1/1/2020,2020,4,APR,5,Weekday,4/19/2020
4/25/2020,Saturday,4/1/2020,4/1/2020,April,4,1/1/2020,2020,4,APR,6,Weekend,4/19/2020
4/26/2020,Sunday,4/1/2020,4/1/2020,April,4,1/1/2020,2020,4,APR,7,Weekend,4/19/2020
4/27/2020,Monday,4/1/2020,4/1/2020,April,4,1/1/2020,2020,4,APR,1,Weekday,4/26/2020
4/28/2020,Tuesday,4/1/2020,4/1/2020,April,4,1/1/2020,2020,4,APR,2,Weekday,4/26/2020
4/29/2020,Wednesday,4/1/2020,4/1/2020,April,4,1/1/2020,2020,4,APR,3,Weekday,4/26/2020
4/30/2020,Thursday,4/1/2020,4/1/2020,April,4,1/1/2020,2020,4,APR,4,Weekday,4/26/2020
5/1/2020,Friday,5/1/2020,4/1/2020,May,5,1/1/2020,2020,5,MAY,5,Weekday,4/26/2020
5/2/2020,Saturday,5/1/2020,4/1/2020,May,5,1/1/2020,2020,5,MAY,6,Weekend,4/26/2020
5/3/2020,Sunday,5/1/2020,4/1/2020,May,5,1/1/2020,2020,5,MAY,7,Weekend,4/26/2020
5/4/2020,Monday,5/1/2020,4/1/2020,May,5,1/1/2020,2020,5,MAY,1,Weekday,5/3/2020
5/5/2020,Tuesday,5/1/2020,4/1/2020,May,5,1/1/2020,2020,5,MAY,2,Weekday,5/3/2020
5/6/2020,Wednesday,5/1/2020,4/1/2020,May,5,1/1/2020,2020,5,MAY,3,Weekday,5/3/2020
5/7/2020,Thursday,5/1/2020,4/1/2020,May,5,1/1/2020,2020,5,MAY,4,Weekday,5/3/2020
5/8/2020,Friday,5/1/2020,4/1/2020,May,5,1/1/2020,2020,5,MAY,5,Weekday,5/3/2020
5/9/2020,Saturday,5/1/2020,4/1/2020,May,5,1/1/2020,2020,5,MAY,6,Weekend,5/3/2020
5/10/2020,Sunday,5/1/2020,4/1/2020,May,5,1/1/2020,2020,5,MAY,7,Weekend,5/3/2020
5/11/2020,Monday,5/1/2020,4/1/2020,May,5,1/1/2020,2020,5,MAY,1,Weekday,5/10/2020
5/12/2020,Tuesday,5/1/2020,4/1/2020,May,5,1/1/2020,2020,5,MAY,2,Weekday,5/10/2020
5/13/2020,Wednesday,5/1/2020,4/1/2020,May,5,1/1/2020,2020,5,MAY,3,Weekday,5/10/2020
5/14/2020,Thursday,5/1/2020,4/1/2020,May,5,1/1/2020,2020,5,MAY,4,Weekday,5/10/2020
5/15/2020,Friday,5/1/2020,4/1/2020,May,5,1/1/2020,2020,5,MAY,5,Weekday,5/10/2020
5/16/2020,Saturday,5/1/2020,4/1/2020,May,5,1/1/2020,2020,5,MAY,6,Weekend,5/10/2020
5/17/2020,Sunday,5/1/2020,4/1/2020,May,5,1/1/2020,2020,5,MAY,7,Weekend,5/10/2020
5/18/2020,Monday,5/1/2020,4/1/2020,May,5,1/1/2020,2020,5,MAY,1,Weekday,5/17/2020
5/19/2020,Tuesday,5/1/2020,4/1/2020,May,5,1/1/2020,2020,5,MAY,2,Weekday,5/17/2020
5/20/2020,Wednesday,5/1/2020,4/1/2020,May,5,1/1/2020,2020,5,MAY,3,Weekday,5/17/2020
5/21/2020,Thursday,5/1/2020,4/1/2020,May,5,1/1/2020,2020,5,MAY,4,Weekday,5/17/2020
5/22/2020,Friday,5/1/2020,4/1/2020,May,5,1/1/2020,2020,5,MAY,5,Weekday,5/17/2020
5/23/2020,Saturday,5/1/2020,4/1/2020,May,5,1/1/2020,2020,5,MAY,6,Weekend,5/17/2020
5/24/2020,Sunday,5/1/2020,4/1/2020,May,5,1/1/2020,2020,5,MAY,7,Weekend,5/17/2020
5/25/2020,Monday,5/1/2020,4/1/2020,May,5,1/1/2020,2020,5,MAY,1,Weekday,5/24/2020
5/26/2020,Tuesday,5/1/2020,4/1/2020,May,5,1/1/2020,2020,5,MAY,2,Weekday,5/24/2020
5/27/2020,Wednesday,5/1/2020,4/1/2020,May,5,1/1/2020,2020,5,MAY,3,Weekday,5/24/2020
5/28/2020,Thursday,5/1/2020,4/1/2020,May,5,1/1/2020,2020,5,MAY,4,Weekday,5/24/2020
5/29/2020,Friday,5/1/2020,4/1/2020,May,5,1/1/2020,2020,5,MAY,5,Weekday,5/24/2020
5/30/2020,Saturday,5/1/2020,4/1/2020,May,5,1/1/2020,2020,5,MAY,6,Weekend,5/24/2020
5/31/2020,Sunday,5/1/2020,4/1/2020,May,5,1/1/2020,2020,5,MAY,7,Weekend,5/24/2020
6/1/2020,Monday,6/1/2020,4/1/2020,June,6,1/1/2020,2020,6,JUN,1,Weekday,5/31/2020
6/2/2020,Tuesday,6/1/2020,4/1/2020,June,6,1/1/2020,2020,6,JUN,2,Weekday,5/31/2020
6/3/2020,Wednesday,6/1/2020,4/1/2020,June,6,1/1/2020,2020,6,JUN,3,Weekday,5/31/2020
6/4/2020,Thursday,6/1/2020,4/1/2020,June,6,1/1/2020,2020,6,JUN,4,Weekday,5/31/2020
6/5/2020,Friday,6/1/2020,4/1/2020,June,6,1/1/2020,2020,6,JUN,5,Weekday,5/31/2020
6/6/2020,Saturday,6/1/2020,4/1/2020,June,6,1/1/2020,2020,6,JUN,6,Weekend,5/31/2020
6/7/2020,Sunday,6/1/2020,4/1/2020,June,6,1/1/2020,2020,6,JUN,7,Weekend,5/31/2020
6/8/2020,Monday,6/1/2020,4/1/2020,June,6,1/1/2020,2020,6,JUN,1,Weekday,6/7/2020
6/9/2020,Tuesday,6/1/2020,4/1/2020,June,6,1/1/2020,2020,6,JUN,2,Weekday,6/7/2020
6/10/2020,Wednesday,6/1/2020,4/1/2020,June,6,1/1/2020,2020,6,JUN,3,Weekday,6/7/2020
6/11/2020,Thursday,6/1/2020,4/1/2020,June,6,1/1/2020,2020,6,JUN,4,Weekday,6/7/2020
6/12/2020,Friday,6/1/2020,4/1/2020,June,6,1/1/2020,2020,6,JUN,5,Weekday,6/7/2020
6/13/2020,Saturday,6/1/2020,4/1/2020,June,6,1/1/2020,2020,6,JUN,6,Weekend,6/7/2020
6/14/2020,Sunday,6/1/2020,4/1/2020,June,6,1/1/2020,2020,6,JUN,7,Weekend,6/7/2020
6/15/2020,Monday,6/1/2020,4/1/2020,June,6,1/1/2020,2020,6,JUN,1,Weekday,6/14/2020
6/16/2020,Tuesday,6/1/2020,4/1/2020,June,6,1/1/2020,2020,6,JUN,2,Weekday,6/14/2020
6/17/2020,Wednesday,6/1/2020,4/1/2020,June,6,1/1/2020,2020,6,JUN,3,Weekday,6/14/2020
6/18/2020,Thursday,6/1/2020,4/1/2020,June,6,1/1/2020,2020,6,JUN,4,Weekday,6/14/2020
6/19/2020,Friday,6/1/2020,4/1/2020,June,6,1/1/2020,2020,6,JUN,5,Weekday,6/14/2020
6/20/2020,Saturday,6/1/2020,4/1/2020,June,6,1/1/2020,2020,6,JUN,6,Weekend,6/14/2020
6/21/2020,Sunday,6/1/2020,4/1/2020,June,6,1/1/2020,2020,6,JUN,7,Weekend,6/14/2020
6/22/2020,Monday,6/1/2020,4/1/2020,June,6,1/1/2020,2020,6,JUN,1,Weekday,6/21/2020
6/23/2020,Tuesday,6/1/2020,4/1/2020,June,6,1/1/2020,2020,6,JUN,2,Weekday,6/21/2020
6/24/2020,Wednesday,6/1/2020,4/1/2020,June,6,1/1/2020,2020,6,JUN,3,Weekday,6/21/2020
6/25/2020,Thursday,6/1/2020,4/1/2020,June,6,1/1/2020,2020,6,JUN,4,Weekday,6/21/2020
6/26/2020,Friday,6/1/2020,4/1/2020,June,6,1/1/2020,2020,6,JUN,5,Weekday,6/21/2020
6/27/2020,Saturday,6/1/2020,4/1/2020,June,6,1/1/2020,2020,6,JUN,6,Weekend,6/21/2020
6/28/2020,Sunday,6/1/2020,4/1/2020,June,6,1/1/2020,2020,6,JUN,7,Weekend,6/21/2020
6/29/2020,Monday,6/1/2020,4/1/2020,June,6,1/1/2020,2020,6,JUN,1,Weekday,6/28/2020
6/30/2020,Tuesday,6/1/2020,4/1/2020,June,6,1/1/2020,2020,6,JUN,2,Weekday,6/28/2020
10/1/2020,Thursday,10/1/2020,10/1/2020,October,10,1/1/2020,2020,10,OCT,4,Weekday,9/27/2020
10/2/2020,Friday,10/1/2020,10/1/2020,October,10,1/1/2020,2020,10,OCT,5,Weekday,9/27/2020
10/3/2020,Saturday,10/1/2020,10/1/2020,October,10,1/1/2020,2020,10,OCT,6,Weekend,9/27/2020
10/4/2020,Sunday,10/1/2020,10/1/2020,October,10,1/1/2020,2020,10,OCT,7,Weekend,9/27/2020
10/5/2020,Monday,10/1/2020,10/1/2020,October,10,1/1/2020,2020,10,OCT,1,Weekday,10/4/2020
10/6/2020,Tuesday,10/1/2020,10/1/2020,October,10,1/1/2020,2020,10,OCT,2,Weekday,10/4/2020
10/7/2020,Wednesday,10/1/2020,10/1/2020,October,10,1/1/2020,2020,10,OCT,3,Weekday,10/4/2020
10/8/2020,Thursday,10/1/2020,10/1/2020,October,10,1/1/2020,2020,10,OCT,4,Weekday,10/4/2020
10/9/2020,Friday,10/1/2020,10/1/2020,October,10,1/1/2020,2020,10,OCT,5,Weekday,10/4/2020
10/10/2020,Saturday,10/1/2020,10/1/2020,October,10,1/1/2020,2020,10,OCT,6,Weekend,10/4/2020
10/11/2020,Sunday,10/1/2020,10/1/2020,October,10,1/1/2020,2020,10,OCT,7,Weekend,10/4/2020
10/12/2020,Monday,10/1/2020,10/1/2020,October,10,1/1/2020,2020,10,OCT,1,Weekday,10/11/2020
10/13/2020,Tuesday,10/1/2020,10/1/2020,October,10,1/1/2020,2020,10,OCT,2,Weekday,10/11/2020
10/14/2020,Wednesday,10/1/2020,10/1/2020,October,10,1/1/2020,2020,10,OCT,3,Weekday,10/11/2020
10/15/2020,Thursday,10/1/2020,10/1/2020,October,10,1/1/2020,2020,10,OCT,4,Weekday,10/11/2020
10/16/2020,Friday,10/1/2020,10/1/2020,October,10,1/1/2020,2020,10,OCT,5,Weekday,10/11/2020
10/17/2020,Saturday,10/1/2020,10/1/2020,October,10,1/1/2020,2020,10,OCT,6,Weekend,10/11/2020
10/18/2020,Sunday,10/1/2020,10/1/2020,October,10,1/1/2020,2020,10,OCT,7,Weekend,10/11/2020
10/19/2020,Monday,10/1/2020,10/1/2020,October,10,1/1/2020,2020,10,OCT,1,Weekday,10/18/2020
10/20/2020,Tuesday,10/1/2020,10/1/2020,October,10,1/1/2020,2020,10,OCT,2,Weekday,10/18/2020
10/21/2020,Wednesday,10/1/2020,10/1/2020,October,10,1/1/2020,2020,10,OCT,3,Weekday,10/18/2020
10/22/2020,Thursday,10/1/2020,10/1/2020,October,10,1/1/2020,2020,10,OCT,4,Weekday,10/18/2020
10/23/2020,Friday,10/1/2020,10/1/2020,October,10,1/1/2020,2020,10,OCT,5,Weekday,10/18/2020
10/24/2020,Saturday,10/1/2020,10/1/2020,October,10,1/1/2020,2020,10,OCT,6,Weekend,10/18/2020
10/25/2020,Sunday,10/1/2020,10/1/2020,October,10,1/1/2020,2020,10,OCT,7,Weekend,10/18/2020
10/26/2020,Monday,10/1/2020,10/1/2020,October,10,1/1/2020,2020,10,OCT,1,Weekday,10/25/2020
10/27/2020,Tuesday,10/1/2020,10/1/2020,October,10,1/1/2020,2020,10,OCT,2,Weekday,10/25/2020
10/28/2020,Wednesday,10/1/2020,10/1/2020,October,10,1/1/2020,2020,10,OCT,3,Weekday,10/25/2020
10/29/2020,Thursday,10/1/2020,10/1/2020,October,10,1/1/2020,2020,10,OCT,4,Weekday,10/25/2020
10/30/2020,Friday,10/1/2020,10/1/2020,October,10,1/1/2020,2020,10,OCT,5,Weekday,10/25/2020
10/31/2020,Saturday,10/1/2020,10/1/2020,October,10,1/1/2020,2020,10,OCT,6,Weekend,10/25/2020
11/1/2020,Sunday,11/1/2020,10/1/2020,November,11,1/1/2020,2020,11,NOV,7,Weekend,10/25/2020
11/2/2020,Monday,11/1/2020,10/1/2020,November,11,1/1/2020,2020,11,NOV,1,Weekday,11/1/2020
11/3/2020,Tuesday,11/1/2020,10/1/2020,November,11,1/1/2020,2020,11,NOV,2,Weekday,11/1/2020
11/4/2020,Wednesday,11/1/2020,10/1/2020,November,11,1/1/2020,2020,11,NOV,3,Weekday,11/1/2020
11/5/2020,Thursday,11/1/2020,10/1/2020,November,11,1/1/2020,2020,11,NOV,4,Weekday,11/1/2020
11/6/2020,Friday,11/1/2020,10/1/2020,November,11,1/1/2020,2020,11,NOV,5,Weekday,11/1/2020
11/7/2020,Saturday,11/1/2020,10/1/2020,November,11,1/1/2020,2020,11,NOV,6,Weekend,11/1/2020
11/8/2020,Sunday,11/1/2020,10/1/2020,November,11,1/1/2020,2020,11,NOV,7,Weekend,11/1/2020
11/9/2020,Monday,11/1/2020,10/1/2020,November,11,1/1/2020,2020,11,NOV,1,Weekday,11/8/2020
11/10/2020,Tuesday,11/1/2020,10/1/2020,November,11,1/1/2020,2020,11,NOV,2,Weekday,11/8/2020
11/11/2020,Wednesday,11/1/2020,10/1/2020,November,11,1/1/2020,2020,11,NOV,3,Weekday,11/8/2020
11/12/2020,Thursday,11/1/2020,10/1/2020,November,11,1/1/2020,2020,11,NOV,4,Weekday,11/8/2020
11/13/2020,Friday,11/1/2020,10/1/2020,November,11,1/1/2020,2020,11,NOV,5,Weekday,11/8/2020
11/14/2020,Saturday,11/1/2020,10/1/2020,November,11,1/1/2020,2020,11,NOV,6,Weekend,11/8/2020
11/15/2020,Sunday,11/1/2020,10/1/2020,November,11,1/1/2020,2020,11,NOV,7,Weekend,11/8/2020
11/16/2020,Monday,11/1/2020,10/1/2020,November,11,1/1/2020,2020,11,NOV,1,Weekday,11/15/2020
11/17/2020,Tuesday,11/1/2020,10/1/2020,November,11,1/1/2020,2020,11,NOV,2,Weekday,11/15/2020
11/18/2020,Wednesday,11/1/2020,10/1/2020,November,11,1/1/2020,2020,11,NOV,3,Weekday,11/15/2020
11/19/2020,Thursday,11/1/2020,10/1/2020,November,11,1/1/2020,2020,11,NOV,4,Weekday,11/15/2020
11/20/2020,Friday,11/1/2020,10/1/2020,November,11,1/1/2020,2020,11,NOV,5,Weekday,11/15/2020
11/21/2020,Saturday,11/1/2020,10/1/2020,November,11,1/1/2020,2020,11,NOV,6,Weekend,11/15/2020
11/22/2020,Sunday,11/1/2020,10/1/2020,November,11,1/1/2020,2020,11,NOV,7,Weekend,11/15/2020
11/23/2020,Monday,11/1/2020,10/1/2020,November,11,1/1/2020,2020,11,NOV,1,Weekday,11/22/2020
11/24/2020,Tuesday,11/1/2020,10/1/2020,November,11,1/1/2020,2020,11,NOV,2,Weekday,11/22/2020
11/25/2020,Wednesday,11/1/2020,10/1/2020,November,11,1/1/2020,2020,11,NOV,3,Weekday,11/22/2020
11/26/2020,Thursday,11/1/2020,10/1/2020,November,11,1/1/2020,2020,11,NOV,4,Weekday,11/22/2020
11/27/2020,Friday,11/1/2020,10/1/2020,November,11,1/1/2020,2020,11,NOV,5,Weekday,11/22/2020
11/28/2020,Saturday,11/1/2020,10/1/2020,November,11,1/1/2020,2020,11,NOV,6,Weekend,11/22/2020
11/29/2020,Sunday,11/1/2020,10/1/2020,November,11,1/1/2020,2020,11,NOV,7,Weekend,11/22/2020
11/30/2020,Monday,11/1/2020,10/1/2020,November,11,1/1/2020,2020,11,NOV,1,Weekday,11/29/2020
12/1/2020,Tuesday,12/1/2020,10/1/2020,December,12,1/1/2020,2020,12,DEC,2,Weekday,11/29/2020
12/2/2020,Wednesday,12/1/2020,10/1/2020,December,12,1/1/2020,2020,12,DEC,3,Weekday,11/29/2020
12/3/2020,Thursday,12/1/2020,10/1/2020,December,12,1/1/2020,2020,12,DEC,4,Weekday,11/29/2020
12/4/2020,Friday,12/1/2020,10/1/2020,December,12,1/1/2020,2020,12,DEC,5,Weekday,11/29/2020
12/5/2020,Saturday,12/1/2020,10/1/2020,December,12,1/1/2020,2020,12,DEC,6,Weekend,11/29/2020
12/6/2020,Sunday,12/1/2020,10/1/2020,December,12,1/1/2020,2020,12,DEC,7,Weekend,11/29/2020
12/7/2020,Monday,12/1/2020,10/1/2020,December,12,1/1/2020,2020,12,DEC,1,Weekday,12/6/2020
12/8/2020,Tuesday,12/1/2020,10/1/2020,December,12,1/1/2020,2020,12,DEC,2,Weekday,12/6/2020
12/9/2020,Wednesday,12/1/2020,10/1/2020,December,12,1/1/2020,2020,12,DEC,3,Weekday,12/6/2020
12/10/2020,Thursday,12/1/2020,10/1/2020,December,12,1/1/2020,2020,12,DEC,4,Weekday,12/6/2020
12/11/2020,Friday,12/1/2020,10/1/2020,December,12,1/1/2020,2020,12,DEC,5,Weekday,12/6/2020
12/12/2020,Saturday,12/1/2020,10/1/2020,December,12,1/1/2020,2020,12,DEC,6,Weekend,12/6/2020
12/13/2020,Sunday,12/1/2020,10/1/2020,December,12,1/1/2020,2020,12,DEC,7,Weekend,12/6/2020
12/14/2020,Monday,12/1/2020,10/1/2020,December,12,1/1/2020,2020,12,DEC,1,Weekday,12/13/2020
12/15/2020,Tuesday,12/1/2020,10/1/2020,December,12,1/1/2020,2020,12,DEC,2,Weekday,12/13/2020
12/16/2020,Wednesday,12/1/2020,10/1/2020,December,12,1/1/2020,2020,12,DEC,3,Weekday,12/13/2020
12/17/2020,Thursday,12/1/2020,10/1/2020,December,12,1/1/2020,2020,12,DEC,4,Weekday,12/13/2020
12/18/2020,Friday,12/1/2020,10/1/2020,December,12,1/1/2020,2020,12,DEC,5,Weekday,12/13/2020
12/19/2020,Saturday,12/1/2020,10/1/2020,December,12,1/1/2020,2020,12,DEC,6,Weekend,12/13/2020
12/20/2020,Sunday,12/1/2020,10/1/2020,December,12,1/1/2020,2020,12,DEC,7,Weekend,12/13/2020
12/21/2020,Monday,12/1/2020,10/1/2020,December,12,1/1/2020,2020,12,DEC,1,Weekday,12/20/2020
12/22/2020,Tuesday,12/1/2020,10/1/2020,December,12,1/1/2020,2020,12,DEC,2,Weekday,12/20/2020
12/23/2020,Wednesday,12/1/2020,10/1/2020,December,12,1/1/2020,2020,12,DEC,3,Weekday,12/20/2020
12/24/2020,Thursday,12/1/2020,10/1/2020,December,12,1/1/2020,2020,12,DEC,4,Weekday,12/20/2020
12/25/2020,Friday,12/1/2020,10/1/2020,December,12,1/1/2020,2020,12,DEC,5,Weekday,12/20/2020
12/26/2020,Saturday,12/1/2020,10/1/2020,December,12,1/1/2020,2020,12,DEC,6,Weekend,12/20/2020
12/27/2020,Sunday,12/1/2020,10/1/2020,December,12,1/1/2020,2020,12,DEC,7,Weekend,12/20/2020
12/28/2020,Monday,12/1/2020,10/1/2020,December,12,1/1/2020,2020,12,DEC,1,Weekday,12/27/2020
12/29/2020,Tuesday,12/1/2020,10/1/2020,December,12,1/1/2020,2020,12,DEC,2,Weekday,12/27/2020
12/30/2020,Wednesday,12/1/2020,10/1/2020,December,12,1/1/2020,2020,12,DEC,3,Weekday,12/27/2020
12/31/2020,Thursday,12/1/2020,10/1/2020,December,12,1/1/2020,2020,12,DEC,4,Weekday,12/27/2020
1/1/2021,Friday,1/1/2021,1/1/2021,January,1,1/1/2021,2021,1,JAN,5,Weekday,12/27/2020
1/2/2021,Saturday,1/1/2021,1/1/2021,January,1,1/1/2021,2021,1,JAN,6,Weekend,12/27/2020
1/3/2021,Sunday,1/1/2021,1/1/2021,January,1,1/1/2021,2021,1,JAN,7,Weekend,12/27/2020
1/4/2021,Monday,1/1/2021,1/1/2021,January,1,1/1/2021,2021,1,JAN,1,Weekday,1/3/2021
1/5/2021,Tuesday,1/1/2021,1/1/2021,January,1,1/1/2021,2021,1,JAN,2,Weekday,1/3/2021
1/6/2021,Wednesday,1/1/2021,1/1/2021,January,1,1/1/2021,2021,1,JAN,3,Weekday,1/3/2021
1/7/2021,Thursday,1/1/2021,1/1/2021,January,1,1/1/2021,2021,1,JAN,4,Weekday,1/3/2021
1/8/2021,Friday,1/1/2021,1/1/2021,January,1,1/1/2021,2021,1,JAN,5,Weekday,1/3/2021
1/9/2021,Saturday,1/1/2021,1/1/2021,January,1,1/1/2021,2021,1,JAN,6,Weekend,1/3/2021
1/10/2021,Sunday,1/1/2021,1/1/2021,January,1,1/1/2021,2021,1,JAN,7,Weekend,1/3/2021
1/11/2021,Monday,1/1/2021,1/1/2021,January,1,1/1/2021,2021,1,JAN,1,Weekday,1/10/2021
1/12/2021,Tuesday,1/1/2021,1/1/2021,January,1,1/1/2021,2021,1,JAN,2,Weekday,1/10/2021
1/13/2021,Wednesday,1/1/2021,1/1/2021,January,1,1/1/2021,2021,1,JAN,3,Weekday,1/10/2021
1/14/2021,Thursday,1/1/2021,1/1/2021,January,1,1/1/2021,2021,1,JAN,4,Weekday,1/10/2021
1/15/2021,Friday,1/1/2021,1/1/2021,January,1,1/1/2021,2021,1,JAN,5,Weekday,1/10/2021
1/16/2021,Saturday,1/1/2021,1/1/2021,January,1,1/1/2021,2021,1,JAN,6,Weekend,1/10/2021
1/17/2021,Sunday,1/1/2021,1/1/2021,January,1,1/1/2021,2021,1,JAN,7,Weekend,1/10/2021
1/18/2021,Monday,1/1/2021,1/1/2021,January,1,1/1/2021,2021,1,JAN,1,Weekday,1/17/2021
1/19/2021,Tuesday,1/1/2021,1/1/2021,January,1,1/1/2021,2021,1,JAN,2,Weekday,1/17/2021
1/20/2021,Wednesday,1/1/2021,1/1/2021,January,1,1/1/2021,2021,1,JAN,3,Weekday,1/17/2021
1/21/2021,Thursday,1/1/2021,1/1/2021,January,1,1/1/2021,2021,1,JAN,4,Weekday,1/17/2021
1/22/2021,Friday,1/1/2021,1/1/2021,January,1,1/1/2021,2021,1,JAN,5,Weekday,1/17/2021
1/23/2021,Saturday,1/1/2021,1/1/2021,January,1,1/1/2021,2021,1,JAN,6,Weekend,1/17/2021
1/24/2021,Sunday,1/1/2021,1/1/2021,January,1,1/1/2021,2021,1,JAN,7,Weekend,1/17/2021
1/25/2021,Monday,1/1/2021,1/1/2021,January,1,1/1/2021,2021,1,JAN,1,Weekday,1/24/2021
1/26/2021,Tuesday,1/1/2021,1/1/2021,January,1,1/1/2021,2021,1,JAN,2,Weekday,1/24/2021
1/27/2021,Wednesday,1/1/2021,1/1/2021,January,1,1/1/2021,2021,1,JAN,3,Weekday,1/24/2021
1/28/2021,Thursday,1/1/2021,1/1/2021,January,1,1/1/2021,2021,1,JAN,4,Weekday,1/24/2021
1/29/2021,Friday,1/1/2021,1/1/2021,January,1,1/1/2021,2021,1,JAN,5,Weekday,1/24/2021
1/30/2021,Saturday,1/1/2021,1/1/2021,January,1,1/1/2021,2021,1,JAN,6,Weekend,1/24/2021
1/31/2021,Sunday,1/1/2021,1/1/2021,January,1,1/1/2021,2021,1,JAN,7,Weekend,1/24/2021
2/1/2021,Monday,2/1/2021,1/1/2021,February,2,1/1/2021,2021,2,FEB,1,Weekday,1/31/2021
2/2/2021,Tuesday,2/1/2021,1/1/2021,February,2,1/1/2021,2021,2,FEB,2,Weekday,1/31/2021
2/3/2021,Wednesday,2/1/2021,1/1/2021,February,2,1/1/2021,2021,2,FEB,3,Weekday,1/31/2021
2/4/2021,Thursday,2/1/2021,1/1/2021,February,2,1/1/2021,2021,2,FEB,4,Weekday,1/31/2021
2/5/2021,Friday,2/1/2021,1/1/2021,February,2,1/1/2021,2021,2,FEB,5,Weekday,1/31/2021
2/6/2021,Saturday,2/1/2021,1/1/2021,February,2,1/1/2021,2021,2,FEB,6,Weekend,1/31/2021
2/7/2021,Sunday,2/1/2021,1/1/2021,February,2,1/1/2021,2021,2,FEB,7,Weekend,1/31/2021
2/8/2021,Monday,2/1/2021,1/1/2021,February,2,1/1/2021,2021,2,FEB,1,Weekday,2/7/2021
2/9/2021,Tuesday,2/1/2021,1/1/2021,February,2,1/1/2021,2021,2,FEB,2,Weekday,2/7/2021
2/10/2021,Wednesday,2/1/2021,1/1/2021,February,2,1/1/2021,2021,2,FEB,3,Weekday,2/7/2021
2/11/2021,Thursday,2/1/2021,1/1/2021,February,2,1/1/2021,2021,2,FEB,4,Weekday,2/7/2021
2/12/2021,Friday,2/1/2021,1/1/2021,February,2,1/1/2021,2021,2,FEB,5,Weekday,2/7/2021
2/13/2021,Saturday,2/1/2021,1/1/2021,February,2,1/1/2021,2021,2,FEB,6,Weekend,2/7/2021
2/14/2021,Sunday,2/1/2021,1/1/2021,February,2,1/1/2021,2021,2,FEB,7,Weekend,2/7/2021
2/15/2021,Monday,2/1/2021,1/1/2021,February,2,1/1/2021,2021,2,FEB,1,Weekday,2/14/2021
2/16/2021,Tuesday,2/1/2021,1/1/2021,February,2,1/1/2021,2021,2,FEB,2,Weekday,2/14/2021
2/17/2021,Wednesday,2/1/2021,1/1/2021,February,2,1/1/2021,2021,2,FEB,3,Weekday,2/14/2021
2/18/2021,Thursday,2/1/2021,1/1/2021,February,2,1/1/2021,2021,2,FEB,4,Weekday,2/14/2021
2/19/2021,Friday,2/1/2021,1/1/2021,February,2,1/1/2021,2021,2,FEB,5,Weekday,2/14/2021
2/20/2021,Saturday,2/1/2021,1/1/2021,February,2,1/1/2021,2021,2,FEB,6,Weekend,2/14/2021
2/21/2021,Sunday,2/1/2021,1/1/2021,February,2,1/1/2021,2021,2,FEB,7,Weekend,2/14/2021
2/22/2021,Monday,2/1/2021,1/1/2021,February,2,1/1/2021,2021,2,FEB,1,Weekday,2/21/2021
2/23/2021,Tuesday,2/1/2021,1/1/2021,February,2,1/1/2021,2021,2,FEB,2,Weekday,2/21/2021
2/24/2021,Wednesday,2/1/2021,1/1/2021,February,2,1/1/2021,2021,2,FEB,3,Weekday,2/21/2021
2/25/2021,Thursday,2/1/2021,1/1/2021,February,2,1/1/2021,2021,2,FEB,4,Weekday,2/21/2021
2/26/2021,Friday,2/1/2021,1/1/2021,February,2,1/1/2021,2021,2,FEB,5,Weekday,2/21/2021
2/27/2021,Saturday,2/1/2021,1/1/2021,February,2,1/1/2021,2021,2,FEB,6,Weekend,2/21/2021
2/28/2021,Sunday,2/1/2021,1/1/2021,February,2,1/1/2021,2021,2,FEB,7,Weekend,2/21/2021
3/1/2021,Monday,3/1/2021,1/1/2021,March,3,1/1/2021,2021,3,MAR,1,Weekday,2/28/2021
3/2/2021,Tuesday,3/1/2021,1/1/2021,March,3,1/1/2021,2021,3,MAR,2,Weekday,2/28/2021
3/3/2021,Wednesday,3/1/2021,1/1/2021,March,3,1/1/2021,2021,3,MAR,3,Weekday,2/28/2021
3/4/2021,Thursday,3/1/2021,1/1/2021,March,3,1/1/2021,2021,3,MAR,4,Weekday,2/28/2021
3/5/2021,Friday,3/1/2021,1/1/2021,March,3,1/1/2021,2021,3,MAR,5,Weekday,2/28/2021
3/6/2021,Saturday,3/1/2021,1/1/2021,March,3,1/1/2021,2021,3,MAR,6,Weekend,2/28/2021
3/7/2021,Sunday,3/1/2021,1/1/2021,March,3,1/1/2021,2021,3,MAR,7,Weekend,2/28/2021
3/8/2021,Monday,3/1/2021,1/1/2021,March,3,1/1/2021,2021,3,MAR,1,Weekday,3/7/2021
3/9/2021,Tuesday,3/1/2021,1/1/2021,March,3,1/1/2021,2021,3,MAR,2,Weekday,3/7/2021
3/10/2021,Wednesday,3/1/2021,1/1/2021,March,3,1/1/2021,2021,3,MAR,3,Weekday,3/7/2021
3/11/2021,Thursday,3/1/2021,1/1/2021,March,3,1/1/2021,2021,3,MAR,4,Weekday,3/7/2021
3/12/2021,Friday,3/1/2021,1/1/2021,March,3,1/1/2021,2021,3,MAR,5,Weekday,3/7/2021
3/13/2021,Saturday,3/1/2021,1/1/2021,March,3,1/1/2021,2021,3,MAR,6,Weekend,3/7/2021
3/14/2021,Sunday,3/1/2021,1/1/2021,March,3,1/1/2021,2021,3,MAR,7,Weekend,3/7/2021
3/15/2021,Monday,3/1/2021,1/1/2021,March,3,1/1/2021,2021,3,MAR,1,Weekday,3/14/2021
3/16/2021,Tuesday,3/1/2021,1/1/2021,March,3,1/1/2021,2021,3,MAR,2,Weekday,3/14/2021
3/17/2021,Wednesday,3/1/2021,1/1/2021,March,3,1/1/2021,2021,3,MAR,3,Weekday,3/14/2021
3/18/2021,Thursday,3/1/2021,1/1/2021,March,3,1/1/2021,2021,3,MAR,4,Weekday,3/14/2021
3/19/2021,Friday,3/1/2021,1/1/2021,March,3,1/1/2021,2021,3,MAR,5,Weekday,3/14/2021
3/20/2021,Saturday,3/1/2021,1/1/2021,March,3,1/1/2021,2021,3,MAR,6,Weekend,3/14/2021
3/21/2021,Sunday,3/1/2021,1/1/2021,March,3,1/1/2021,2021,3,MAR,7,Weekend,3/14/2021
3/22/2021,Monday,3/1/2021,1/1/2021,March,3,1/1/2021,2021,3,MAR,1,Weekday,3/21/2021
3/23/2021,Tuesday,3/1/2021,1/1/2021,March,3,1/1/2021,2021,3,MAR,2,Weekday,3/21/2021
3/24/2021,Wednesday,3/1/2021,1/1/2021,March,3,1/1/2021,2021,3,MAR,3,Weekday,3/21/2021
3/25/2021,Thursday,3/1/2021,1/1/2021,March,3,1/1/2021,2021,3,MAR,4,Weekday,3/21/2021
3/26/2021,Friday,3/1/2021,1/1/2021,March,3,1/1/2021,2021,3,MAR,5,Weekday,3/21/2021
3/27/2021,Saturday,3/1/2021,1/1/2021,March,3,1/1/2021,2021,3,MAR,6,Weekend,3/21/2021
3/28/2021,Sunday,3/1/2021,1/1/2021,March,3,1/1/2021,2021,3,MAR,7,Weekend,3/21/2021
3/29/2021,Monday,3/1/2021,1/1/2021,March,3,1/1/2021,2021,3,MAR,1,Weekday,3/28/2021
3/30/2021,Tuesday,3/1/2021,1/1/2021,March,3,1/1/2021,2021,3,MAR,2,Weekday,3/28/2021
3/31/2021,Wednesday,3/1/2021,1/1/2021,March,3,1/1/2021,2021,3,MAR,3,Weekday,3/28/2021
10/1/2021,Friday,10/1/2021,10/1/2021,October,10,1/1/2021,2021,10,OCT,5,Weekday,9/26/2021
10/2/2021,Saturday,10/1/2021,10/1/2021,October,10,1/1/2021,2021,10,OCT,6,Weekend,9/26/2021
10/3/2021,Sunday,10/1/2021,10/1/2021,October,10,1/1/2021,2021,10,OCT,7,Weekend,9/26/2021
10/4/2021,Monday,10/1/2021,10/1/2021,October,10,1/1/2021,2021,10,OCT,1,Weekday,10/3/2021
10/5/2021,Tuesday,10/1/2021,10/1/2021,October,10,1/1/2021,2021,10,OCT,2,Weekday,10/3/2021
10/6/2021,Wednesday,10/1/2021,10/1/2021,October,10,1/1/2021,2021,10,OCT,3,Weekday,10/3/2021
10/7/2021,Thursday,10/1/2021,10/1/2021,October,10,1/1/2021,2021,10,OCT,4,Weekday,10/3/2021
10/8/2021,Friday,10/1/2021,10/1/2021,October,10,1/1/2021,2021,10,OCT,5,Weekday,10/3/2021
10/9/2021,Saturday,10/1/2021,10/1/2021,October,10,1/1/2021,2021,10,OCT,6,Weekend,10/3/2021
10/10/2021,Sunday,10/1/2021,10/1/2021,October,10,1/1/2021,2021,10,OCT,7,Weekend,10/3/2021
10/11/2021,Monday,10/1/2021,10/1/2021,October,10,1/1/2021,2021,10,OCT,1,Weekday,10/10/2021
10/12/2021,Tuesday,10/1/2021,10/1/2021,October,10,1/1/2021,2021,10,OCT,2,Weekday,10/10/2021
10/13/2021,Wednesday,10/1/2021,10/1/2021,October,10,1/1/2021,2021,10,OCT,3,Weekday,10/10/2021
10/14/2021,Thursday,10/1/2021,10/1/2021,October,10,1/1/2021,2021,10,OCT,4,Weekday,10/10/2021
10/15/2021,Friday,10/1/2021,10/1/2021,October,10,1/1/2021,2021,10,OCT,5,Weekday,10/10/2021
10/16/2021,Saturday,10/1/2021,10/1/2021,October,10,1/1/2021,2021,10,OCT,6,Weekend,10/10/2021
10/17/2021,Sunday,10/1/2021,10/1/2021,October,10,1/1/2021,2021,10,OCT,7,Weekend,10/10/2021
10/18/2021,Monday,10/1/2021,10/1/2021,October,10,1/1/2021,2021,10,OCT,1,Weekday,10/17/2021
10/19/2021,Tuesday,10/1/2021,10/1/2021,October,10,1/1/2021,2021,10,OCT,2,Weekday,10/17/2021
10/20/2021,Wednesday,10/1/2021,10/1/2021,October,10,1/1/2021,2021,10,OCT,3,Weekday,10/17/2021
10/21/2021,Thursday,10/1/2021,10/1/2021,October,10,1/1/2021,2021,10,OCT,4,Weekday,10/17/2021
10/22/2021,Friday,10/1/2021,10/1/2021,October,10,1/1/2021,2021,10,OCT,5,Weekday,10/17/2021
10/23/2021,Saturday,10/1/2021,10/1/2021,October,10,1/1/2021,2021,10,OCT,6,Weekend,10/17/2021
10/24/2021,Sunday,10/1/2021,10/1/2021,October,10,1/1/2021,2021,10,OCT,7,Weekend,10/17/2021
10/25/2021,Monday,10/1/2021,10/1/2021,October,10,1/1/2021,2021,10,OCT,1,Weekday,10/24/2021
10/26/2021,Tuesday,10/1/2021,10/1/2021,October,10,1/1/2021,2021,10,OCT,2,Weekday,10/24/2021
10/27/2021,Wednesday,10/1/2021,10/1/2021,October,10,1/1/2021,2021,10,OCT,3,Weekday,10/24/2021
10/28/2021,Thursday,10/1/2021,10/1/2021,October,10,1/1/2021,2021,10,OCT,4,Weekday,10/24/2021
10/29/2021,Friday,10/1/2021,10/1/2021,October,10,1/1/2021,2021,10,OCT,5,Weekday,10/24/2021
10/30/2021,Saturday,10/1/2021,10/1/2021,October,10,1/1/2021,2021,10,OCT,6,Weekend,10/24/2021
10/31/2021,Sunday,10/1/2021,10/1/2021,October,10,1/1/2021,2021,10,OCT,7,Weekend,10/24/2021
11/1/2021,Monday,11/1/2021,10/1/2021,November,11,1/1/2021,2021,11,NOV,1,Weekday,10/31/2021
11/2/2021,Tuesday,11/1/2021,10/1/2021,November,11,1/1/2021,2021,11,NOV,2,Weekday,10/31/2021
11/3/2021,Wednesday,11/1/2021,10/1/2021,November,11,1/1/2021,2021,11,NOV,3,Weekday,10/31/2021
11/4/2021,Thursday,11/1/2021,10/1/2021,November,11,1/1/2021,2021,11,NOV,4,Weekday,10/31/2021
11/5/2021,Friday,11/1/2021,10/1/2021,November,11,1/1/2021,2021,11,NOV,5,Weekday,10/31/2021
11/6/2021,Saturday,11/1/2021,10/1/2021,November,11,1/1/2021,2021,11,NOV,6,Weekend,10/31/2021
11/7/2021,Sunday,11/1/2021,10/1/2021,November,11,1/1/2021,2021,11,NOV,7,Weekend,10/31/2021
11/8/2021,Monday,11/1/2021,10/1/2021,November,11,1/1/2021,2021,11,NOV,1,Weekday,11/7/2021
11/9/2021,Tuesday,11/1/2021,10/1/2021,November,11,1/1/2021,2021,11,NOV,2,Weekday,11/7/2021
11/10/2021,Wednesday,11/1/2021,10/1/2021,November,11,1/1/2021,2021,11,NOV,3,Weekday,11/7/2021
11/11/2021,Thursday,11/1/2021,10/1/2021,November,11,1/1/2021,2021,11,NOV,4,Weekday,11/7/2021
11/12/2021,Friday,11/1/2021,10/1/2021,November,11,1/1/2021,2021,11,NOV,5,Weekday,11/7/2021
11/13/2021,Saturday,11/1/2021,10/1/2021,November,11,1/1/2021,2021,11,NOV,6,Weekend,11/7/2021
11/14/2021,Sunday,11/1/2021,10/1/2021,November,11,1/1/2021,2021,11,NOV,7,Weekend,11/7/2021
11/15/2021,Monday,11/1/2021,10/1/2021,November,11,1/1/2021,2021,11,NOV,1,Weekday,11/14/2021
11/16/2021,Tuesday,11/1/2021,10/1/2021,November,11,1/1/2021,2021,11,NOV,2,Weekday,11/14/2021
11/17/2021,Wednesday,11/1/2021,10/1/2021,November,11,1/1/2021,2021,11,NOV,3,Weekday,11/14/2021
11/18/2021,Thursday,11/1/2021,10/1/2021,November,11,1/1/2021,2021,11,NOV,4,Weekday,11/14/2021
11/19/2021,Friday,11/1/2021,10/1/2021,November,11,1/1/2021,2021,11,NOV,5,Weekday,11/14/2021
11/20/2021,Saturday,11/1/2021,10/1/2021,November,11,1/1/2021,2021,11,NOV,6,Weekend,11/14/2021
11/21/2021,Sunday,11/1/2021,10/1/2021,November,11,1/1/2021,2021,11,NOV,7,Weekend,11/14/2021
11/22/2021,Monday,11/1/2021,10/1/2021,November,11,1/1/2021,2021,11,NOV,1,Weekday,11/21/2021
11/23/2021,Tuesday,11/1/2021,10/1/2021,November,11,1/1/2021,2021,11,NOV,2,Weekday,11/21/2021
11/24/2021,Wednesday,11/1/2021,10/1/2021,November,11,1/1/2021,2021,11,NOV,3,Weekday,11/21/2021
11/25/2021,Thursday,11/1/2021,10/1/2021,November,11,1/1/2021,2021,11,NOV,4,Weekday,11/21/2021
11/26/2021,Friday,11/1/2021,10/1/2021,November,11,1/1/2021,2021,11,NOV,5,Weekday,11/21/2021
11/27/2021,Saturday,11/1/2021,10/1/2021,November,11,1/1/2021,2021,11,NOV,6,Weekend,11/21/2021
11/28/2021,Sunday,11/1/2021,10/1/2021,November,11,1/1/2021,2021,11,NOV,7,Weekend,11/21/2021
11/29/2021,Monday,11/1/2021,10/1/2021,November,11,1/1/2021,2021,11,NOV,1,Weekday,11/28/2021
11/30/2021,Tuesday,11/1/2021,10/1/2021,November,11,1/1/2021,2021,11,NOV,2,Weekday,11/28/2021
12/1/2021,Wednesday,12/1/2021,10/1/2021,December,12,1/1/2021,2021,12,DEC,3,Weekday,11/28/2021
12/2/2021,Thursday,12/1/2021,10/1/2021,December,12,1/1/2021,2021,12,DEC,4,Weekday,11/28/2021
12/3/2021,Friday,12/1/2021,10/1/2021,December,12,1/1/2021,2021,12,DEC,5,Weekday,11/28/2021
12/4/2021,Saturday,12/1/2021,10/1/2021,December,12,1/1/2021,2021,12,DEC,6,Weekend,11/28/2021
12/5/2021,Sunday,12/1/2021,10/1/2021,December,12,1/1/2021,2021,12,DEC,7,Weekend,11/28/2021
12/6/2021,Monday,12/1/2021,10/1/2021,December,12,1/1/2021,2021,12,DEC,1,Weekday,12/5/2021
12/7/2021,Tuesday,12/1/2021,10/1/2021,December,12,1/1/2021,2021,12,DEC,2,Weekday,12/5/2021
12/8/2021,Wednesday,12/1/2021,10/1/2021,December,12,1/1/2021,2021,12,DEC,3,Weekday,12/5/2021
12/9/2021,Thursday,12/1/2021,10/1/2021,December,12,1/1/2021,2021,12,DEC,4,Weekday,12/5/2021
12/10/2021,Friday,12/1/2021,10/1/2021,December,12,1/1/2021,2021,12,DEC,5,Weekday,12/5/2021
12/11/2021,Saturday,12/1/2021,10/1/2021,December,12,1/1/2021,2021,12,DEC,6,Weekend,12/5/2021
12/12/2021,Sunday,12/1/2021,10/1/2021,December,12,1/1/2021,2021,12,DEC,7,Weekend,12/5/2021
12/13/2021,Monday,12/1/2021,10/1/2021,December,12,1/1/2021,2021,12,DEC,1,Weekday,12/12/2021
12/14/2021,Tuesday,12/1/2021,10/1/2021,December,12,1/1/2021,2021,12,DEC,2,Weekday,12/12/2021
12/15/2021,Wednesday,12/1/2021,10/1/2021,December,12,1/1/2021,2021,12,DEC,3,Weekday,12/12/2021
12/16/2021,Thursday,12/1/2021,10/1/2021,December,12,1/1/2021,2021,12,DEC,4,Weekday,12/12/2021
12/17/2021,Friday,12/1/2021,10/1/2021,December,12,1/1/2021,2021,12,DEC,5,Weekday,12/12/2021
12/18/2021,Saturday,12/1/2021,10/1/2021,December,12,1/1/2021,2021,12,DEC,6,Weekend,12/12/2021
12/19/2021,Sunday,12/1/2021,10/1/2021,December,12,1/1/2021,2021,12,DEC,7,Weekend,12/12/2021
12/20/2021,Monday,12/1/2021,10/1/2021,December,12,1/1/2021,2021,12,DEC,1,Weekday,12/19/2021
12/21/2021,Tuesday,12/1/2021,10/1/2021,December,12,1/1/2021,2021,12,DEC,2,Weekday,12/19/2021
12/22/2021,Wednesday,12/1/2021,10/1/2021,December,12,1/1/2021,2021,12,DEC,3,Weekday,12/19/2021
12/23/2021,Thursday,12/1/2021,10/1/2021,December,12,1/1/2021,2021,12,DEC,4,Weekday,12/19/2021
12/24/2021,Friday,12/1/2021,10/1/2021,December,12,1/1/2021,2021,12,DEC,5,Weekday,12/19/2021
12/25/2021,Saturday,12/1/2021,10/1/2021,December,12,1/1/2021,2021,12,DEC,6,Weekend,12/19/2021
12/26/2021,Sunday,12/1/2021,10/1/2021,December,12,1/1/2021,2021,12,DEC,7,Weekend,12/19/2021
12/27/2021,Monday,12/1/2021,10/1/2021,December,12,1/1/2021,2021,12,DEC,1,Weekday,12/26/2021
12/28/2021,Tuesday,12/1/2021,10/1/2021,December,12,1/1/2021,2021,12,DEC,2,Weekday,12/26/2021
12/29/2021,Wednesday,12/1/2021,10/1/2021,December,12,1/1/2021,2021,12,DEC,3,Weekday,12/26/2021
12/30/2021,Thursday,12/1/2021,10/1/2021,December,12,1/1/2021,2021,12,DEC,4,Weekday,12/26/2021
12/31/2021,Friday,12/1/2021,10/1/2021,December,12,1/1/2021,2021,12,DEC,5,Weekday,12/26/2021
4/1/2021,Thursday,4/1/2021,4/1/2021,April,4,1/1/2021,2021,4,APR,4,Weekday,3/28/2021
4/2/2021,Friday,4/1/2021,4/1/2021,April,4,1/1/2021,2021,4,APR,5,Weekday,3/28/2021
4/3/2021,Saturday,4/1/2021,4/1/2021,April,4,1/1/2021,2021,4,APR,6,Weekend,3/28/2021
4/4/2021,Sunday,4/1/2021,4/1/2021,April,4,1/1/2021,2021,4,APR,7,Weekend,3/28/2021
4/5/2021,Monday,4/1/2021,4/1/2021,April,4,1/1/2021,2021,4,APR,1,Weekday,4/4/2021
4/6/2021,Tuesday,4/1/2021,4/1/2021,April,4,1/1/2021,2021,4,APR,2,Weekday,4/4/2021
4/7/2021,Wednesday,4/1/2021,4/1/2021,April,4,1/1/2021,2021,4,APR,3,Weekday,4/4/2021
4/8/2021,Thursday,4/1/2021,4/1/2021,April,4,1/1/2021,2021,4,APR,4,Weekday,4/4/2021
4/9/2021,Friday,4/1/2021,4/1/2021,April,4,1/1/2021,2021,4,APR,5,Weekday,4/4/2021
4/10/2021,Saturday,4/1/2021,4/1/2021,April,4,1/1/2021,2021,4,APR,6,Weekend,4/4/2021
4/11/2021,Sunday,4/1/2021,4/1/2021,April,4,1/1/2021,2021,4,APR,7,Weekend,4/4/2021
4/12/2021,Monday,4/1/2021,4/1/2021,April,4,1/1/2021,2021,4,APR,1,Weekday,4/11/2021
4/13/2021,Tuesday,4/1/2021,4/1/2021,April,4,1/1/2021,2021,4,APR,2,Weekday,4/11/2021
4/14/2021,Wednesday,4/1/2021,4/1/2021,April,4,1/1/2021,2021,4,APR,3,Weekday,4/11/2021
4/15/2021,Thursday,4/1/2021,4/1/2021,April,4,1/1/2021,2021,4,APR,4,Weekday,4/11/2021
4/16/2021,Friday,4/1/2021,4/1/2021,April,4,1/1/2021,2021,4,APR,5,Weekday,4/11/2021
4/17/2021,Saturday,4/1/2021,4/1/2021,April,4,1/1/2021,2021,4,APR,6,Weekend,4/11/2021
4/18/2021,Sunday,4/1/2021,4/1/2021,April,4,1/1/2021,2021,4,APR,7,Weekend,4/11/2021
4/19/2021,Monday,4/1/2021,4/1/2021,April,4,1/1/2021,2021,4,APR,1,Weekday,4/18/2021
4/20/2021,Tuesday,4/1/2021,4/1/2021,April,4,1/1/2021,2021,4,APR,2,Weekday,4/18/2021
4/21/2021,Wednesday,4/1/2021,4/1/2021,April,4,1/1/2021,2021,4,APR,3,Weekday,4/18/2021
4/22/2021,Thursday,4/1/2021,4/1/2021,April,4,1/1/2021,2021,4,APR,4,Weekday,4/18/2021
4/23/2021,Friday,4/1/2021,4/1/2021,April,4,1/1/2021,2021,4,APR,5,Weekday,4/18/2021
4/24/2021,Saturday,4/1/2021,4/1/2021,April,4,1/1/2021,2021,4,APR,6,Weekend,4/18/2021
4/25/2021,Sunday,4/1/2021,4/1/2021,April,4,1/1/2021,2021,4,APR,7,Weekend,4/18/2021
4/26/2021,Monday,4/1/2021,4/1/2021,April,4,1/1/2021,2021,4,APR,1,Weekday,4/25/2021
4/27/2021,Tuesday,4/1/2021,4/1/2021,April,4,1/1/2021,2021,4,APR,2,Weekday,4/25/2021
4/28/2021,Wednesday,4/1/2021,4/1/2021,April,4,1/1/2021,2021,4,APR,3,Weekday,4/25/2021
4/29/2021,Thursday,4/1/2021,4/1/2021,April,4,1/1/2021,2021,4,APR,4,Weekday,4/25/2021
4/30/2021,Friday,4/1/2021,4/1/2021,April,4,1/1/2021,2021,4,APR,5,Weekday,4/25/2021
5/1/2021,Saturday,5/1/2021,4/1/2021,May,5,1/1/2021,2021,5,MAY,6,Weekend,4/25/2021
5/2/2021,Sunday,5/1/2021,4/1/2021,May,5,1/1/2021,2021,5,MAY,7,Weekend,4/25/2021
5/3/2021,Monday,5/1/2021,4/1/2021,May,5,1/1/2021,2021,5,MAY,1,Weekday,5/2/2021
5/4/2021,Tuesday,5/1/2021,4/1/2021,May,5,1/1/2021,2021,5,MAY,2,Weekday,5/2/2021
5/5/2021,Wednesday,5/1/2021,4/1/2021,May,5,1/1/2021,2021,5,MAY,3,Weekday,5/2/2021
5/6/2021,Thursday,5/1/2021,4/1/2021,May,5,1/1/2021,2021,5,MAY,4,Weekday,5/2/2021
5/7/2021,Friday,5/1/2021,4/1/2021,May,5,1/1/2021,2021,5,MAY,5,Weekday,5/2/2021
5/8/2021,Saturday,5/1/2021,4/1/2021,May,5,1/1/2021,2021,5,MAY,6,Weekend,5/2/2021
5/9/2021,Sunday,5/1/2021,4/1/2021,May,5,1/1/2021,2021,5,MAY,7,Weekend,5/2/2021
5/10/2021,Monday,5/1/2021,4/1/2021,May,5,1/1/2021,2021,5,MAY,1,Weekday,5/9/2021
5/11/2021,Tuesday,5/1/2021,4/1/2021,May,5,1/1/2021,2021,5,MAY,2,Weekday,5/9/2021
5/12/2021,Wednesday,5/1/2021,4/1/2021,May,5,1/1/2021,2021,5,MAY,3,Weekday,5/9/2021
5/13/2021,Thursday,5/1/2021,4/1/2021,May,5,1/1/2021,2021,5,MAY,4,Weekday,5/9/2021
5/14/2021,Friday,5/1/2021,4/1/2021,May,5,1/1/2021,2021,5,MAY,5,Weekday,5/9/2021
5/15/2021,Saturday,5/1/2021,4/1/2021,May,5,1/1/2021,2021,5,MAY,6,Weekend,5/9/2021
5/16/2021,Sunday,5/1/2021,4/1/2021,May,5,1/1/2021,2021,5,MAY,7,Weekend,5/9/2021
5/17/2021,Monday,5/1/2021,4/1/2021,May,5,1/1/2021,2021,5,MAY,1,Weekday,5/16/2021
5/18/2021,Tuesday,5/1/2021,4/1/2021,May,5,1/1/2021,2021,5,MAY,2,Weekday,5/16/2021
5/19/2021,Wednesday,5/1/2021,4/1/2021,May,5,1/1/2021,2021,5,MAY,3,Weekday,5/16/2021
5/20/2021,Thursday,5/1/2021,4/1/2021,May,5,1/1/2021,2021,5,MAY,4,Weekday,5/16/2021
5/21/2021,Friday,5/1/2021,4/1/2021,May,5,1/1/2021,2021,5,MAY,5,Weekday,5/16/2021
5/22/2021,Saturday,5/1/2021,4/1/2021,May,5,1/1/2021,2021,5,MAY,6,Weekend,5/16/2021
5/23/2021,Sunday,5/1/2021,4/1/2021,May,5,1/1/2021,2021,5,MAY,7,Weekend,5/16/2021
5/24/2021,Monday,5/1/2021,4/1/2021,May,5,1/1/2021,2021,5,MAY,1,Weekday,5/23/2021
5/25/2021,Tuesday,5/1/2021,4/1/2021,May,5,1/1/2021,2021,5,MAY,2,Weekday,5/23/2021
5/26/2021,Wednesday,5/1/2021,4/1/2021,May,5,1/1/2021,2021,5,MAY,3,Weekday,5/23/2021
5/27/2021,Thursday,5/1/2021,4/1/2021,May,5,1/1/2021,2021,5,MAY,4,Weekday,5/23/2021
5/28/2021,Friday,5/1/2021,4/1/2021,May,5,1/1/2021,2021,5,MAY,5,Weekday,5/23/2021
5/29/2021,Saturday,5/1/2021,4/1/2021,May,5,1/1/2021,2021,5,MAY,6,Weekend,5/23/2021
5/30/2021,Sunday,5/1/2021,4/1/2021,May,5,1/1/2021,2021,5,MAY,7,Weekend,5/23/2021
5/31/2021,Monday,5/1/2021,4/1/2021,May,5,1/1/2021,2021,5,MAY,1,Weekday,5/30/2021
6/1/2021,Tuesday,6/1/2021,4/1/2021,June,6,1/1/2021,2021,6,JUN,2,Weekday,5/30/2021
6/2/2021,Wednesday,6/1/2021,4/1/2021,June,6,1/1/2021,2021,6,JUN,3,Weekday,5/30/2021
6/3/2021,Thursday,6/1/2021,4/1/2021,June,6,1/1/2021,2021,6,JUN,4,Weekday,5/30/2021
6/4/2021,Friday,6/1/2021,4/1/2021,June,6,1/1/2021,2021,6,JUN,5,Weekday,5/30/2021
6/5/2021,Saturday,6/1/2021,4/1/2021,June,6,1/1/2021,2021,6,JUN,6,Weekend,5/30/2021
6/6/2021,Sunday,6/1/2021,4/1/2021,June,6,1/1/2021,2021,6,JUN,7,Weekend,5/30/2021
6/7/2021,Monday,6/1/2021,4/1/2021,June,6,1/1/2021,2021,6,JUN,1,Weekday,6/6/2021
6/8/2021,Tuesday,6/1/2021,4/1/2021,June,6,1/1/2021,2021,6,JUN,2,Weekday,6/6/2021
6/9/2021,Wednesday,6/1/2021,4/1/2021,June,6,1/1/2021,2021,6,JUN,3,Weekday,6/6/2021
6/10/2021,Thursday,6/1/2021,4/1/2021,June,6,1/1/2021,2021,6,JUN,4,Weekday,6/6/2021
6/11/2021,Friday,6/1/2021,4/1/2021,June,6,1/1/2021,2021,6,JUN,5,Weekday,6/6/2021
6/12/2021,Saturday,6/1/2021,4/1/2021,June,6,1/1/2021,2021,6,JUN,6,Weekend,6/6/2021
6/13/2021,Sunday,6/1/2021,4/1/2021,June,6,1/1/2021,2021,6,JUN,7,Weekend,6/6/2021
6/14/2021,Monday,6/1/2021,4/1/2021,June,6,1/1/2021,2021,6,JUN,1,Weekday,6/13/2021
6/15/2021,Tuesday,6/1/2021,4/1/2021,June,6,1/1/2021,2021,6,JUN,2,Weekday,6/13/2021
6/16/2021,Wednesday,6/1/2021,4/1/2021,June,6,1/1/2021,2021,6,JUN,3,Weekday,6/13/2021
6/17/2021,Thursday,6/1/2021,4/1/2021,June,6,1/1/2021,2021,6,JUN,4,Weekday,6/13/2021
6/18/2021,Friday,6/1/2021,4/1/2021,June,6,1/1/2021,2021,6,JUN,5,Weekday,6/13/2021
6/19/2021,Saturday,6/1/2021,4/1/2021,June,6,1/1/2021,2021,6,JUN,6,Weekend,6/13/2021
6/20/2021,Sunday,6/1/2021,4/1/2021,June,6,1/1/2021,2021,6,JUN,7,Weekend,6/13/2021
6/21/2021,Monday,6/1/2021,4/1/2021,June,6,1/1/2021,2021,6,JUN,1,Weekday,6/20/2021
6/22/2021,Tuesday,6/1/2021,4/1/2021,June,6,1/1/2021,2021,6,JUN,2,Weekday,6/20/2021
6/23/2021,Wednesday,6/1/2021,4/1/2021,June,6,1/1/2021,2021,6,JUN,3,Weekday,6/20/2021
6/24/2021,Thursday,6/1/2021,4/1/2021,June,6,1/1/2021,2021,6,JUN,4,Weekday,6/20/2021
6/25/2021,Friday,6/1/2021,4/1/2021,June,6,1/1/2021,2021,6,JUN,5,Weekday,6/20/2021
6/26/2021,Saturday,6/1/2021,4/1/2021,June,6,1/1/2021,2021,6,JUN,6,Weekend,6/20/2021
6/27/2021,Sunday,6/1/2021,4/1/2021,June,6,1/1/2021,2021,6,JUN,7,Weekend,6/20/2021
6/28/2021,Monday,6/1/2021,4/1/2021,June,6,1/1/2021,2021,6,JUN,1,Weekday,6/27/2021
6/29/2021,Tuesday,6/1/2021,4/1/2021,June,6,1/1/2021,2021,6,JUN,2,Weekday,6/27/2021
6/30/2021,Wednesday,6/1/2021,4/1/2021,June,6,1/1/2021,2021,6,JUN,3,Weekday,6/27/2021
7/1/2021,Thursday,7/1/2021,7/1/2021,July,7,1/1/2021,2021,7,JUL,4,Weekday,6/27/2021
7/2/2021,Friday,7/1/2021,7/1/2021,July,7,1/1/2021,2021,7,JUL,5,Weekday,6/27/2021
7/3/2021,Saturday,7/1/2021,7/1/2021,July,7,1/1/2021,2021,7,JUL,6,Weekend,6/27/2021
7/4/2021,Sunday,7/1/2021,7/1/2021,July,7,1/1/2021,2021,7,JUL,7,Weekend,6/27/2021
7/5/2021,Monday,7/1/2021,7/1/2021,July,7,1/1/2021,2021,7,JUL,1,Weekday,7/4/2021
7/6/2021,Tuesday,7/1/2021,7/1/2021,July,7,1/1/2021,2021,7,JUL,2,Weekday,7/4/2021
7/7/2021,Wednesday,7/1/2021,7/1/2021,July,7,1/1/2021,2021,7,JUL,3,Weekday,7/4/2021
7/8/2021,Thursday,7/1/2021,7/1/2021,July,7,1/1/2021,2021,7,JUL,4,Weekday,7/4/2021
7/9/2021,Friday,7/1/2021,7/1/2021,July,7,1/1/2021,2021,7,JUL,5,Weekday,7/4/2021
7/10/2021,Saturday,7/1/2021,7/1/2021,July,7,1/1/2021,2021,7,JUL,6,Weekend,7/4/2021
7/11/2021,Sunday,7/1/2021,7/1/2021,July,7,1/1/2021,2021,7,JUL,7,Weekend,7/4/2021
7/12/2021,Monday,7/1/2021,7/1/2021,July,7,1/1/2021,2021,7,JUL,1,Weekday,7/11/2021
7/13/2021,Tuesday,7/1/2021,7/1/2021,July,7,1/1/2021,2021,7,JUL,2,Weekday,7/11/2021
7/14/2021,Wednesday,7/1/2021,7/1/2021,July,7,1/1/2021,2021,7,JUL,3,Weekday,7/11/2021
7/15/2021,Thursday,7/1/2021,7/1/2021,July,7,1/1/2021,2021,7,JUL,4,Weekday,7/11/2021
7/16/2021,Friday,7/1/2021,7/1/2021,July,7,1/1/2021,2021,7,JUL,5,Weekday,7/11/2021
7/17/2021,Saturday,7/1/2021,7/1/2021,July,7,1/1/2021,2021,7,JUL,6,Weekend,7/11/2021
7/18/2021,Sunday,7/1/2021,7/1/2021,July,7,1/1/2021,2021,7,JUL,7,Weekend,7/11/2021
7/19/2021,Monday,7/1/2021,7/1/2021,July,7,1/1/2021,2021,7,JUL,1,Weekday,7/18/2021
7/20/2021,Tuesday,7/1/2021,7/1/2021,July,7,1/1/2021,2021,7,JUL,2,Weekday,7/18/2021
7/21/2021,Wednesday,7/1/2021,7/1/2021,July,7,1/1/2021,2021,7,JUL,3,Weekday,7/18/2021
7/22/2021,Thursday,7/1/2021,7/1/2021,July,7,1/1/2021,2021,7,JUL,4,Weekday,7/18/2021
7/23/2021,Friday,7/1/2021,7/1/2021,July,7,1/1/2021,2021,7,JUL,5,Weekday,7/18/2021
7/24/2021,Saturday,7/1/2021,7/1/2021,July,7,1/1/2021,2021,7,JUL,6,Weekend,7/18/2021
7/25/2021,Sunday,7/1/2021,7/1/2021,July,7,1/1/2021,2021,7,JUL,7,Weekend,7/18/2021
7/26/2021,Monday,7/1/2021,7/1/2021,July,7,1/1/2021,2021,7,JUL,1,Weekday,7/25/2021
7/27/2021,Tuesday,7/1/2021,7/1/2021,July,7,1/1/2021,2021,7,JUL,2,Weekday,7/25/2021
7/28/2021,Wednesday,7/1/2021,7/1/2021,July,7,1/1/2021,2021,7,JUL,3,Weekday,7/25/2021
7/29/2021,Thursday,7/1/2021,7/1/2021,July,7,1/1/2021,2021,7,JUL,4,Weekday,7/25/2021
7/30/2021,Friday,7/1/2021,7/1/2021,July,7,1/1/2021,2021,7,JUL,5,Weekday,7/25/2021
7/31/2021,Saturday,7/1/2021,7/1/2021,July,7,1/1/2021,2021,7,JUL,6,Weekend,7/25/2021
8/1/2021,Sunday,8/1/2021,7/1/2021,August,8,1/1/2021,2021,8,AUG,7,Weekend,7/25/2021
8/2/2021,Monday,8/1/2021,7/1/2021,August,8,1/1/2021,2021,8,AUG,1,Weekday,8/1/2021
8/3/2021,Tuesday,8/1/2021,7/1/2021,August,8,1/1/2021,2021,8,AUG,2,Weekday,8/1/2021
8/4/2021,Wednesday,8/1/2021,7/1/2021,August,8,1/1/2021,2021,8,AUG,3,Weekday,8/1/2021
8/5/2021,Thursday,8/1/2021,7/1/2021,August,8,1/1/2021,2021,8,AUG,4,Weekday,8/1/2021
8/6/2021,Friday,8/1/2021,7/1/2021,August,8,1/1/2021,2021,8,AUG,5,Weekday,8/1/2021
8/7/2021,Saturday,8/1/2021,7/1/2021,August,8,1/1/2021,2021,8,AUG,6,Weekend,8/1/2021
8/8/2021,Sunday,8/1/2021,7/1/2021,August,8,1/1/2021,2021,8,AUG,7,Weekend,8/1/2021
8/9/2021,Monday,8/1/2021,7/1/2021,August,8,1/1/2021,2021,8,AUG,1,Weekday,8/8/2021
8/10/2021,Tuesday,8/1/2021,7/1/2021,August,8,1/1/2021,2021,8,AUG,2,Weekday,8/8/2021
8/11/2021,Wednesday,8/1/2021,7/1/2021,August,8,1/1/2021,2021,8,AUG,3,Weekday,8/8/2021
8/12/2021,Thursday,8/1/2021,7/1/2021,August,8,1/1/2021,2021,8,AUG,4,Weekday,8/8/2021
8/13/2021,Friday,8/1/2021,7/1/2021,August,8,1/1/2021,2021,8,AUG,5,Weekday,8/8/2021
8/14/2021,Saturday,8/1/2021,7/1/2021,August,8,1/1/2021,2021,8,AUG,6,Weekend,8/8/2021
8/15/2021,Sunday,8/1/2021,7/1/2021,August,8,1/1/2021,2021,8,AUG,7,Weekend,8/8/2021
8/16/2021,Monday,8/1/2021,7/1/2021,August,8,1/1/2021,2021,8,AUG,1,Weekday,8/15/2021
8/17/2021,Tuesday,8/1/2021,7/1/2021,August,8,1/1/2021,2021,8,AUG,2,Weekday,8/15/2021
8/18/2021,Wednesday,8/1/2021,7/1/2021,August,8,1/1/2021,2021,8,AUG,3,Weekday,8/15/2021
8/19/2021,Thursday,8/1/2021,7/1/2021,August,8,1/1/2021,2021,8,AUG,4,Weekday,8/15/2021
8/20/2021,Friday,8/1/2021,7/1/2021,August,8,1/1/2021,2021,8,AUG,5,Weekday,8/15/2021
8/21/2021,Saturday,8/1/2021,7/1/2021,August,8,1/1/2021,2021,8,AUG,6,Weekend,8/15/2021
8/22/2021,Sunday,8/1/2021,7/1/2021,August,8,1/1/2021,2021,8,AUG,7,Weekend,8/15/2021
8/23/2021,Monday,8/1/2021,7/1/2021,August,8,1/1/2021,2021,8,AUG,1,Weekday,8/22/2021
8/24/2021,Tuesday,8/1/2021,7/1/2021,August,8,1/1/2021,2021,8,AUG,2,Weekday,8/22/2021
8/25/2021,Wednesday,8/1/2021,7/1/2021,August,8,1/1/2021,2021,8,AUG,3,Weekday,8/22/2021
8/26/2021,Thursday,8/1/2021,7/1/2021,August,8,1/1/2021,2021,8,AUG,4,Weekday,8/22/2021
8/27/2021,Friday,8/1/2021,7/1/2021,August,8,1/1/2021,2021,8,AUG,5,Weekday,8/22/2021
8/28/2021,Saturday,8/1/2021,7/1/2021,August,8,1/1/2021,2021,8,AUG,6,Weekend,8/22/2021
8/29/2021,Sunday,8/1/2021,7/1/2021,August,8,1/1/2021,2021,8,AUG,7,Weekend,8/22/2021
8/30/2021,Monday,8/1/2021,7/1/2021,August,8,1/1/2021,2021,8,AUG,1,Weekday,8/29/2021
8/31/2021,Tuesday,8/1/2021,7/1/2021,August,8,1/1/2021,2021,8,AUG,2,Weekday,8/29/2021
9/1/2021,Wednesday,9/1/2021,7/1/2021,September,9,1/1/2021,2021,9,SEP,3,Weekday,8/29/2021
9/2/2021,Thursday,9/1/2021,7/1/2021,September,9,1/1/2021,2021,9,SEP,4,Weekday,8/29/2021
9/3/2021,Friday,9/1/2021,7/1/2021,September,9,1/1/2021,2021,9,SEP,5,Weekday,8/29/2021
9/4/2021,Saturday,9/1/2021,7/1/2021,September,9,1/1/2021,2021,9,SEP,6,Weekend,8/29/2021
9/5/2021,Sunday,9/1/2021,7/1/2021,September,9,1/1/2021,2021,9,SEP,7,Weekend,8/29/2021
9/6/2021,Monday,9/1/2021,7/1/2021,September,9,1/1/2021,2021,9,SEP,1,Weekday,9/5/2021
9/7/2021,Tuesday,9/1/2021,7/1/2021,September,9,1/1/2021,2021,9,SEP,2,Weekday,9/5/2021
9/8/2021,Wednesday,9/1/2021,7/1/2021,September,9,1/1/2021,2021,9,SEP,3,Weekday,9/5/2021
9/9/2021,Thursday,9/1/2021,7/1/2021,September,9,1/1/2021,2021,9,SEP,4,Weekday,9/5/2021
9/10/2021,Friday,9/1/2021,7/1/2021,September,9,1/1/2021,2021,9,SEP,5,Weekday,9/5/2021
9/11/2021,Saturday,9/1/2021,7/1/2021,September,9,1/1/2021,2021,9,SEP,6,Weekend,9/5/2021
9/12/2021,Sunday,9/1/2021,7/1/2021,September,9,1/1/2021,2021,9,SEP,7,Weekend,9/5/2021
9/13/2021,Monday,9/1/2021,7/1/2021,September,9,1/1/2021,2021,9,SEP,1,Weekday,9/12/2021
9/14/2021,Tuesday,9/1/2021,7/1/2021,September,9,1/1/2021,2021,9,SEP,2,Weekday,9/12/2021
9/15/2021,Wednesday,9/1/2021,7/1/2021,September,9,1/1/2021,2021,9,SEP,3,Weekday,9/12/2021
9/16/2021,Thursday,9/1/2021,7/1/2021,September,9,1/1/2021,2021,9,SEP,4,Weekday,9/12/2021
9/17/2021,Friday,9/1/2021,7/1/2021,September,9,1/1/2021,2021,9,SEP,5,Weekday,9/12/2021
9/18/2021,Saturday,9/1/2021,7/1/2021,September,9,1/1/2021,2021,9,SEP,6,Weekend,9/12/2021
9/19/2021,Sunday,9/1/2021,7/1/2021,September,9,1/1/2021,2021,9,SEP,7,Weekend,9/12/2021
9/20/2021,Monday,9/1/2021,7/1/2021,September,9,1/1/2021,2021,9,SEP,1,Weekday,9/19/2021
9/21/2021,Tuesday,9/1/2021,7/1/2021,September,9,1/1/2021,2021,9,SEP,2,Weekday,9/19/2021
9/22/2021,Wednesday,9/1/2021,7/1/2021,September,9,1/1/2021,2021,9,SEP,3,Weekday,9/19/2021
9/23/2021,Thursday,9/1/2021,7/1/2021,September,9,1/1/2021,2021,9,SEP,4,Weekday,9/19/2021
9/24/2021,Friday,9/1/2021,7/1/2021,September,9,1/1/2021,2021,9,SEP,5,Weekday,9/19/2021
9/25/2021,Saturday,9/1/2021,7/1/2021,September,9,1/1/2021,2021,9,SEP,6,Weekend,9/19/2021
9/26/2021,Sunday,9/1/2021,7/1/2021,September,9,1/1/2021,2021,9,SEP,7,Weekend,9/19/2021
9/27/2021,Monday,9/1/2021,7/1/2021,September,9,1/1/2021,2021,9,SEP,1,Weekday,9/26/2021
9/28/2021,Tuesday,9/1/2021,7/1/2021,September,9,1/1/2021,2021,9,SEP,2,Weekday,9/26/2021
9/29/2021,Wednesday,9/1/2021,7/1/2021,September,9,1/1/2021,2021,9,SEP,3,Weekday,9/26/2021
9/30/2021,Thursday,9/1/2021,7/1/2021,September,9,1/1/2021,2021,9,SEP,4,Weekday,9/26/2021
1/1/2022,Saturday,1/1/2022,1/1/2022,January,1,1/1/2022,2022,1,JAN,6,Weekend,12/26/2021
1/2/2022,Sunday,1/1/2022,1/1/2022,January,1,1/1/2022,2022,1,JAN,7,Weekend,12/26/2021
1/3/2022,Monday,1/1/2022,1/1/2022,January,1,1/1/2022,2022,1,JAN,1,Weekday,1/2/2022
1/4/2022,Tuesday,1/1/2022,1/1/2022,January,1,1/1/2022,2022,1,JAN,2,Weekday,1/2/2022
1/5/2022,Wednesday,1/1/2022,1/1/2022,January,1,1/1/2022,2022,1,JAN,3,Weekday,1/2/2022
1/6/2022,Thursday,1/1/2022,1/1/2022,January,1,1/1/2022,2022,1,JAN,4,Weekday,1/2/2022
1/7/2022,Friday,1/1/2022,1/1/2022,January,1,1/1/2022,2022,1,JAN,5,Weekday,1/2/2022
1/8/2022,Saturday,1/1/2022,1/1/2022,January,1,1/1/2022,2022,1,JAN,6,Weekend,1/2/2022
1/9/2022,Sunday,1/1/2022,1/1/2022,January,1,1/1/2022,2022,1,JAN,7,Weekend,1/2/2022
1/10/2022,Monday,1/1/2022,1/1/2022,January,1,1/1/2022,2022,1,JAN,1,Weekday,1/9/2022
1/11/2022,Tuesday,1/1/2022,1/1/2022,January,1,1/1/2022,2022,1,JAN,2,Weekday,1/9/2022
1/12/2022,Wednesday,1/1/2022,1/1/2022,January,1,1/1/2022,2022,1,JAN,3,Weekday,1/9/2022
1/13/2022,Thursday,1/1/2022,1/1/2022,January,1,1/1/2022,2022,1,JAN,4,Weekday,1/9/2022
1/14/2022,Friday,1/1/2022,1/1/2022,January,1,1/1/2022,2022,1,JAN,5,Weekday,1/9/2022
1/15/2022,Saturday,1/1/2022,1/1/2022,January,1,1/1/2022,2022,1,JAN,6,Weekend,1/9/2022
1/16/2022,Sunday,1/1/2022,1/1/2022,January,1,1/1/2022,2022,1,JAN,7,Weekend,1/9/2022
1/17/2022,Monday,1/1/2022,1/1/2022,January,1,1/1/2022,2022,1,JAN,1,Weekday,1/16/2022
1/18/2022,Tuesday,1/1/2022,1/1/2022,January,1,1/1/2022,2022,1,JAN,2,Weekday,1/16/2022
1/19/2022,Wednesday,1/1/2022,1/1/2022,January,1,1/1/2022,2022,1,JAN,3,Weekday,1/16/2022
1/20/2022,Thursday,1/1/2022,1/1/2022,January,1,1/1/2022,2022,1,JAN,4,Weekday,1/16/2022
1/21/2022,Friday,1/1/2022,1/1/2022,January,1,1/1/2022,2022,1,JAN,5,Weekday,1/16/2022
1/22/2022,Saturday,1/1/2022,1/1/2022,January,1,1/1/2022,2022,1,JAN,6,Weekend,1/16/2022
1/23/2022,Sunday,1/1/2022,1/1/2022,January,1,1/1/2022,2022,1,JAN,7,Weekend,1/16/2022
1/24/2022,Monday,1/1/2022,1/1/2022,January,1,1/1/2022,2022,1,JAN,1,Weekday,1/23/2022
1/25/2022,Tuesday,1/1/2022,1/1/2022,January,1,1/1/2022,2022,1,JAN,2,Weekday,1/23/2022
1/26/2022,Wednesday,1/1/2022,1/1/2022,January,1,1/1/2022,2022,1,JAN,3,Weekday,1/23/2022
1/27/2022,Thursday,1/1/2022,1/1/2022,January,1,1/1/2022,2022,1,JAN,4,Weekday,1/23/2022
1/28/2022,Friday,1/1/2022,1/1/2022,January,1,1/1/2022,2022,1,JAN,5,Weekday,1/23/2022
1/29/2022,Saturday,1/1/2022,1/1/2022,January,1,1/1/2022,2022,1,JAN,6,Weekend,1/23/2022
1/30/2022,Sunday,1/1/2022,1/1/2022,January,1,1/1/2022,2022,1,JAN,7,Weekend,1/23/2022
1/31/2022,Monday,1/1/2022,1/1/2022,January,1,1/1/2022,2022,1,JAN,1,Weekday,1/30/2022
2/1/2022,Tuesday,2/1/2022,1/1/2022,February,2,1/1/2022,2022,2,FEB,2,Weekday,1/30/2022
2/2/2022,Wednesday,2/1/2022,1/1/2022,February,2,1/1/2022,2022,2,FEB,3,Weekday,1/30/2022
2/3/2022,Thursday,2/1/2022,1/1/2022,February,2,1/1/2022,2022,2,FEB,4,Weekday,1/30/2022
2/4/2022,Friday,2/1/2022,1/1/2022,February,2,1/1/2022,2022,2,FEB,5,Weekday,1/30/2022
2/5/2022,Saturday,2/1/2022,1/1/2022,February,2,1/1/2022,2022,2,FEB,6,Weekend,1/30/2022
2/6/2022,Sunday,2/1/2022,1/1/2022,February,2,1/1/2022,2022,2,FEB,7,Weekend,1/30/2022
2/7/2022,Monday,2/1/2022,1/1/2022,February,2,1/1/2022,2022,2,FEB,1,Weekday,2/6/2022
2/8/2022,Tuesday,2/1/2022,1/1/2022,February,2,1/1/2022,2022,2,FEB,2,Weekday,2/6/2022
2/9/2022,Wednesday,2/1/2022,1/1/2022,February,2,1/1/2022,2022,2,FEB,3,Weekday,2/6/2022
2/10/2022,Thursday,2/1/2022,1/1/2022,February,2,1/1/2022,2022,2,FEB,4,Weekday,2/6/2022
2/11/2022,Friday,2/1/2022,1/1/2022,February,2,1/1/2022,2022,2,FEB,5,Weekday,2/6/2022
2/12/2022,Saturday,2/1/2022,1/1/2022,February,2,1/1/2022,2022,2,FEB,6,Weekend,2/6/2022
2/13/2022,Sunday,2/1/2022,1/1/2022,February,2,1/1/2022,2022,2,FEB,7,Weekend,2/6/2022
2/14/2022,Monday,2/1/2022,1/1/2022,February,2,1/1/2022,2022,2,FEB,1,Weekday,2/13/2022
2/15/2022,Tuesday,2/1/2022,1/1/2022,February,2,1/1/2022,2022,2,FEB,2,Weekday,2/13/2022
2/16/2022,Wednesday,2/1/2022,1/1/2022,February,2,1/1/2022,2022,2,FEB,3,Weekday,2/13/2022
2/17/2022,Thursday,2/1/2022,1/1/2022,February,2,1/1/2022,2022,2,FEB,4,Weekday,2/13/2022
2/18/2022,Friday,2/1/2022,1/1/2022,February,2,1/1/2022,2022,2,FEB,5,Weekday,2/13/2022
2/19/2022,Saturday,2/1/2022,1/1/2022,February,2,1/1/2022,2022,2,FEB,6,Weekend,2/13/2022
2/20/2022,Sunday,2/1/2022,1/1/2022,February,2,1/1/2022,2022,2,FEB,7,Weekend,2/13/2022
2/21/2022,Monday,2/1/2022,1/1/2022,February,2,1/1/2022,2022,2,FEB,1,Weekday,2/20/2022
2/22/2022,Tuesday,2/1/2022,1/1/2022,February,2,1/1/2022,2022,2,FEB,2,Weekday,2/20/2022
2/23/2022,Wednesday,2/1/2022,1/1/2022,February,2,1/1/2022,2022,2,FEB,3,Weekday,2/20/2022
2/24/2022,Thursday,2/1/2022,1/1/2022,February,2,1/1/2022,2022,2,FEB,4,Weekday,2/20/2022
2/25/2022,Friday,2/1/2022,1/1/2022,February,2,1/1/2022,2022,2,FEB,5,Weekday,2/20/2022
2/26/2022,Saturday,2/1/2022,1/1/2022,February,2,1/1/2022,2022,2,FEB,6,Weekend,2/20/2022
2/27/2022,Sunday,2/1/2022,1/1/2022,February,2,1/1/2022,2022,2,FEB,7,Weekend,2/20/2022
2/28/2022,Monday,2/1/2022,1/1/2022,February,2,1/1/2022,2022,2,FEB,1,Weekday,2/27/2022
3/1/2022,Tuesday,3/1/2022,1/1/2022,March,3,1/1/2022,2022,3,MAR,2,Weekday,2/27/2022
3/2/2022,Wednesday,3/1/2022,1/1/2022,March,3,1/1/2022,2022,3,MAR,3,Weekday,2/27/2022
3/3/2022,Thursday,3/1/2022,1/1/2022,March,3,1/1/2022,2022,3,MAR,4,Weekday,2/27/2022
3/4/2022,Friday,3/1/2022,1/1/2022,March,3,1/1/2022,2022,3,MAR,5,Weekday,2/27/2022
3/5/2022,Saturday,3/1/2022,1/1/2022,March,3,1/1/2022,2022,3,MAR,6,Weekend,2/27/2022
3/6/2022,Sunday,3/1/2022,1/1/2022,March,3,1/1/2022,2022,3,MAR,7,Weekend,2/27/2022
3/7/2022,Monday,3/1/2022,1/1/2022,March,3,1/1/2022,2022,3,MAR,1,Weekday,3/6/2022
3/8/2022,Tuesday,3/1/2022,1/1/2022,March,3,1/1/2022,2022,3,MAR,2,Weekday,3/6/2022
3/9/2022,Wednesday,3/1/2022,1/1/2022,March,3,1/1/2022,2022,3,MAR,3,Weekday,3/6/2022
3/10/2022,Thursday,3/1/2022,1/1/2022,March,3,1/1/2022,2022,3,MAR,4,Weekday,3/6/2022
3/11/2022,Friday,3/1/2022,1/1/2022,March,3,1/1/2022,2022,3,MAR,5,Weekday,3/6/2022
3/12/2022,Saturday,3/1/2022,1/1/2022,March,3,1/1/2022,2022,3,MAR,6,Weekend,3/6/2022
3/13/2022,Sunday,3/1/2022,1/1/2022,March,3,1/1/2022,2022,3,MAR,7,Weekend,3/6/2022
3/14/2022,Monday,3/1/2022,1/1/2022,March,3,1/1/2022,2022,3,MAR,1,Weekday,3/13/2022
3/15/2022,Tuesday,3/1/2022,1/1/2022,March,3,1/1/2022,2022,3,MAR,2,Weekday,3/13/2022
3/16/2022,Wednesday,3/1/2022,1/1/2022,March,3,1/1/2022,2022,3,MAR,3,Weekday,3/13/2022
3/17/2022,Thursday,3/1/2022,1/1/2022,March,3,1/1/2022,2022,3,MAR,4,Weekday,3/13/2022
3/18/2022,Friday,3/1/2022,1/1/2022,March,3,1/1/2022,2022,3,MAR,5,Weekday,3/13/2022
3/19/2022,Saturday,3/1/2022,1/1/2022,March,3,1/1/2022,2022,3,MAR,6,Weekend,3/13/2022
3/20/2022,Sunday,3/1/2022,1/1/2022,March,3,1/1/2022,2022,3,MAR,7,Weekend,3/13/2022
3/21/2022,Monday,3/1/2022,1/1/2022,March,3,1/1/2022,2022,3,MAR,1,Weekday,3/20/2022
3/22/2022,Tuesday,3/1/2022,1/1/2022,March,3,1/1/2022,2022,3,MAR,2,Weekday,3/20/2022
3/23/2022,Wednesday,3/1/2022,1/1/2022,March,3,1/1/2022,2022,3,MAR,3,Weekday,3/20/2022
3/24/2022,Thursday,3/1/2022,1/1/2022,March,3,1/1/2022,2022,3,MAR,4,Weekday,3/20/2022
3/25/2022,Friday,3/1/2022,1/1/2022,March,3,1/1/2022,2022,3,MAR,5,Weekday,3/20/2022
3/26/2022,Saturday,3/1/2022,1/1/2022,March,3,1/1/2022,2022,3,MAR,6,Weekend,3/20/2022
3/27/2022,Sunday,3/1/2022,1/1/2022,March,3,1/1/2022,2022,3,MAR,7,Weekend,3/20/2022
3/28/2022,Monday,3/1/2022,1/1/2022,March,3,1/1/2022,2022,3,MAR,1,Weekday,3/27/2022
3/29/2022,Tuesday,3/1/2022,1/1/2022,March,3,1/1/2022,2022,3,MAR,2,Weekday,3/27/2022
3/30/2022,Wednesday,3/1/2022,1/1/2022,March,3,1/1/2022,2022,3,MAR,3,Weekday,3/27/2022
3/31/2022,Thursday,3/1/2022,1/1/2022,March,3,1/1/2022,2022,3,MAR,4,Weekday,3/27/2022
4/1/2022,Friday,4/1/2022,4/1/2022,April,4,1/1/2022,2022,4,APR,5,Weekday,3/27/2022
4/2/2022,Saturday,4/1/2022,4/1/2022,April,4,1/1/2022,2022,4,APR,6,Weekend,3/27/2022
4/3/2022,Sunday,4/1/2022,4/1/2022,April,4,1/1/2022,2022,4,APR,7,Weekend,3/27/2022
4/4/2022,Monday,4/1/2022,4/1/2022,April,4,1/1/2022,2022,4,APR,1,Weekday,4/3/2022
4/5/2022,Tuesday,4/1/2022,4/1/2022,April,4,1/1/2022,2022,4,APR,2,Weekday,4/3/2022
4/6/2022,Wednesday,4/1/2022,4/1/2022,April,4,1/1/2022,2022,4,APR,3,Weekday,4/3/2022
4/7/2022,Thursday,4/1/2022,4/1/2022,April,4,1/1/2022,2022,4,APR,4,Weekday,4/3/2022
4/8/2022,Friday,4/1/2022,4/1/2022,April,4,1/1/2022,2022,4,APR,5,Weekday,4/3/2022
4/9/2022,Saturday,4/1/2022,4/1/2022,April,4,1/1/2022,2022,4,APR,6,Weekend,4/3/2022
4/10/2022,Sunday,4/1/2022,4/1/2022,April,4,1/1/2022,2022,4,APR,7,Weekend,4/3/2022
4/11/2022,Monday,4/1/2022,4/1/2022,April,4,1/1/2022,2022,4,APR,1,Weekday,4/10/2022
4/12/2022,Tuesday,4/1/2022,4/1/2022,April,4,1/1/2022,2022,4,APR,2,Weekday,4/10/2022
4/13/2022,Wednesday,4/1/2022,4/1/2022,April,4,1/1/2022,2022,4,APR,3,Weekday,4/10/2022
4/14/2022,Thursday,4/1/2022,4/1/2022,April,4,1/1/2022,2022,4,APR,4,Weekday,4/10/2022
4/15/2022,Friday,4/1/2022,4/1/2022,April,4,1/1/2022,2022,4,APR,5,Weekday,4/10/2022
4/16/2022,Saturday,4/1/2022,4/1/2022,April,4,1/1/2022,2022,4,APR,6,Weekend,4/10/2022
4/17/2022,Sunday,4/1/2022,4/1/2022,April,4,1/1/2022,2022,4,APR,7,Weekend,4/10/2022
4/18/2022,Monday,4/1/2022,4/1/2022,April,4,1/1/2022,2022,4,APR,1,Weekday,4/17/2022
4/19/2022,Tuesday,4/1/2022,4/1/2022,April,4,1/1/2022,2022,4,APR,2,Weekday,4/17/2022
4/20/2022,Wednesday,4/1/2022,4/1/2022,April,4,1/1/2022,2022,4,APR,3,Weekday,4/17/2022
4/21/2022,Thursday,4/1/2022,4/1/2022,April,4,1/1/2022,2022,4,APR,4,Weekday,4/17/2022
4/22/2022,Friday,4/1/2022,4/1/2022,April,4,1/1/2022,2022,4,APR,5,Weekday,4/17/2022
4/23/2022,Saturday,4/1/2022,4/1/2022,April,4,1/1/2022,2022,4,APR,6,Weekend,4/17/2022
4/24/2022,Sunday,4/1/2022,4/1/2022,April,4,1/1/2022,2022,4,APR,7,Weekend,4/17/2022
4/25/2022,Monday,4/1/2022,4/1/2022,April,4,1/1/2022,2022,4,APR,1,Weekday,4/24/2022
4/26/2022,Tuesday,4/1/2022,4/1/2022,April,4,1/1/2022,2022,4,APR,2,Weekday,4/24/2022
4/27/2022,Wednesday,4/1/2022,4/1/2022,April,4,1/1/2022,2022,4,APR,3,Weekday,4/24/2022
4/28/2022,Thursday,4/1/2022,4/1/2022,April,4,1/1/2022,2022,4,APR,4,Weekday,4/24/2022
4/29/2022,Friday,4/1/2022,4/1/2022,April,4,1/1/2022,2022,4,APR,5,Weekday,4/24/2022
4/30/2022,Saturday,4/1/2022,4/1/2022,April,4,1/1/2022,2022,4,APR,6,Weekend,4/24/2022
5/1/2022,Sunday,5/1/2022,4/1/2022,May,5,1/1/2022,2022,5,MAY,7,Weekend,4/24/2022
5/2/2022,Monday,5/1/2022,4/1/2022,May,5,1/1/2022,2022,5,MAY,1,Weekday,5/1/2022
5/3/2022,Tuesday,5/1/2022,4/1/2022,May,5,1/1/2022,2022,5,MAY,2,Weekday,5/1/2022
5/4/2022,Wednesday,5/1/2022,4/1/2022,May,5,1/1/2022,2022,5,MAY,3,Weekday,5/1/2022
5/5/2022,Thursday,5/1/2022,4/1/2022,May,5,1/1/2022,2022,5,MAY,4,Weekday,5/1/2022
5/6/2022,Friday,5/1/2022,4/1/2022,May,5,1/1/2022,2022,5,MAY,5,Weekday,5/1/2022
5/7/2022,Saturday,5/1/2022,4/1/2022,May,5,1/1/2022,2022,5,MAY,6,Weekend,5/1/2022
5/8/2022,Sunday,5/1/2022,4/1/2022,May,5,1/1/2022,2022,5,MAY,7,Weekend,5/1/2022
5/9/2022,Monday,5/1/2022,4/1/2022,May,5,1/1/2022,2022,5,MAY,1,Weekday,5/8/2022
5/10/2022,Tuesday,5/1/2022,4/1/2022,May,5,1/1/2022,2022,5,MAY,2,Weekday,5/8/2022
5/11/2022,Wednesday,5/1/2022,4/1/2022,May,5,1/1/2022,2022,5,MAY,3,Weekday,5/8/2022
5/12/2022,Thursday,5/1/2022,4/1/2022,May,5,1/1/2022,2022,5,MAY,4,Weekday,5/8/2022
5/13/2022,Friday,5/1/2022,4/1/2022,May,5,1/1/2022,2022,5,MAY,5,Weekday,5/8/2022
5/14/2022,Saturday,5/1/2022,4/1/2022,May,5,1/1/2022,2022,5,MAY,6,Weekend,5/8/2022
5/15/2022,Sunday,5/1/2022,4/1/2022,May,5,1/1/2022,2022,5,MAY,7,Weekend,5/8/2022
5/16/2022,Monday,5/1/2022,4/1/2022,May,5,1/1/2022,2022,5,MAY,1,Weekday,5/15/2022
5/17/2022,Tuesday,5/1/2022,4/1/2022,May,5,1/1/2022,2022,5,MAY,2,Weekday,5/15/2022
5/18/2022,Wednesday,5/1/2022,4/1/2022,May,5,1/1/2022,2022,5,MAY,3,Weekday,5/15/2022
5/19/2022,Thursday,5/1/2022,4/1/2022,May,5,1/1/2022,2022,5,MAY,4,Weekday,5/15/2022
5/20/2022,Friday,5/1/2022,4/1/2022,May,5,1/1/2022,2022,5,MAY,5,Weekday,5/15/2022
5/21/2022,Saturday,5/1/2022,4/1/2022,May,5,1/1/2022,2022,5,MAY,6,Weekend,5/15/2022
5/22/2022,Sunday,5/1/2022,4/1/2022,May,5,1/1/2022,2022,5,MAY,7,Weekend,5/15/2022
5/23/2022,Monday,5/1/2022,4/1/2022,May,5,1/1/2022,2022,5,MAY,1,Weekday,5/22/2022
5/24/2022,Tuesday,5/1/2022,4/1/2022,May,5,1/1/2022,2022,5,MAY,2,Weekday,5/22/2022
5/25/2022,Wednesday,5/1/2022,4/1/2022,May,5,1/1/2022,2022,5,MAY,3,Weekday,5/22/2022
5/26/2022,Thursday,5/1/2022,4/1/2022,May,5,1/1/2022,2022,5,MAY,4,Weekday,5/22/2022
5/27/2022,Friday,5/1/2022,4/1/2022,May,5,1/1/2022,2022,5,MAY,5,Weekday,5/22/2022
5/28/2022,Saturday,5/1/2022,4/1/2022,May,5,1/1/2022,2022,5,MAY,6,Weekend,5/22/2022
5/29/2022,Sunday,5/1/2022,4/1/2022,May,5,1/1/2022,2022,5,MAY,7,Weekend,5/22/2022
5/30/2022,Monday,5/1/2022,4/1/2022,May,5,1/1/2022,2022,5,MAY,1,Weekday,5/29/2022
5/31/2022,Tuesday,5/1/2022,4/1/2022,May,5,1/1/2022,2022,5,MAY,2,Weekday,5/29/2022
6/1/2022,Wednesday,6/1/2022,4/1/2022,June,6,1/1/2022,2022,6,JUN,3,Weekday,5/29/2022
6/2/2022,Thursday,6/1/2022,4/1/2022,June,6,1/1/2022,2022,6,JUN,4,Weekday,5/29/2022
6/3/2022,Friday,6/1/2022,4/1/2022,June,6,1/1/2022,2022,6,JUN,5,Weekday,5/29/2022
6/4/2022,Saturday,6/1/2022,4/1/2022,June,6,1/1/2022,2022,6,JUN,6,Weekend,5/29/2022
6/5/2022,Sunday,6/1/2022,4/1/2022,June,6,1/1/2022,2022,6,JUN,7,Weekend,5/29/2022
6/6/2022,Monday,6/1/2022,4/1/2022,June,6,1/1/2022,2022,6,JUN,1,Weekday,6/5/2022
6/7/2022,Tuesday,6/1/2022,4/1/2022,June,6,1/1/2022,2022,6,JUN,2,Weekday,6/5/2022
6/8/2022,Wednesday,6/1/2022,4/1/2022,June,6,1/1/2022,2022,6,JUN,3,Weekday,6/5/2022
6/9/2022,Thursday,6/1/2022,4/1/2022,June,6,1/1/2022,2022,6,JUN,4,Weekday,6/5/2022
6/10/2022,Friday,6/1/2022,4/1/2022,June,6,1/1/2022,2022,6,JUN,5,Weekday,6/5/2022
6/11/2022,Saturday,6/1/2022,4/1/2022,June,6,1/1/2022,2022,6,JUN,6,Weekend,6/5/2022
6/12/2022,Sunday,6/1/2022,4/1/2022,June,6,1/1/2022,2022,6,JUN,7,Weekend,6/5/2022
6/13/2022,Monday,6/1/2022,4/1/2022,June,6,1/1/2022,2022,6,JUN,1,Weekday,6/12/2022
6/14/2022,Tuesday,6/1/2022,4/1/2022,June,6,1/1/2022,2022,6,JUN,2,Weekday,6/12/2022
6/15/2022,Wednesday,6/1/2022,4/1/2022,June,6,1/1/2022,2022,6,JUN,3,Weekday,6/12/2022
6/16/2022,Thursday,6/1/2022,4/1/2022,June,6,1/1/2022,2022,6,JUN,4,Weekday,6/12/2022
6/17/2022,Friday,6/1/2022,4/1/2022,June,6,1/1/2022,2022,6,JUN,5,Weekday,6/12/2022
6/18/2022,Saturday,6/1/2022,4/1/2022,June,6,1/1/2022,2022,6,JUN,6,Weekend,6/12/2022
6/19/2022,Sunday,6/1/2022,4/1/2022,June,6,1/1/2022,2022,6,JUN,7,Weekend,6/12/2022
6/20/2022,Monday,6/1/2022,4/1/2022,June,6,1/1/2022,2022,6,JUN,1,Weekday,6/19/2022
6/21/2022,Tuesday,6/1/2022,4/1/2022,June,6,1/1/2022,2022,6,JUN,2,Weekday,6/19/2022
6/22/2022,Wednesday,6/1/2022,4/1/2022,June,6,1/1/2022,2022,6,JUN,3,Weekday,6/19/2022
6/23/2022,Thursday,6/1/2022,4/1/2022,June,6,1/1/2022,2022,6,JUN,4,Weekday,6/19/2022
6/24/2022,Friday,6/1/2022,4/1/2022,June,6,1/1/2022,2022,6,JUN,5,Weekday,6/19/2022
6/25/2022,Saturday,6/1/2022,4/1/2022,June,6,1/1/2022,2022,6,JUN,6,Weekend,6/19/2022
6/26/2022,Sunday,6/1/2022,4/1/2022,June,6,1/1/2022,2022,6,JUN,7,Weekend,6/19/2022
6/27/2022,Monday,6/1/2022,4/1/2022,June,6,1/1/2022,2022,6,JUN,1,Weekday,6/26/2022
6/28/2022,Tuesday,6/1/2022,4/1/2022,June,6,1/1/2022,2022,6,JUN,2,Weekday,6/26/2022
6/29/2022,Wednesday,6/1/2022,4/1/2022,June,6,1/1/2022,2022,6,JUN,3,Weekday,6/26/2022
6/30/2022,Thursday,6/1/2022,4/1/2022,June,6,1/1/2022,2022,6,JUN,4,Weekday,6/26/2022
